year,month,nino34,soi,phase_soi,phase_nino34,phase_either,phase_both
1901,1,0.82,-0.1,neutral,elnino,elnino,elnino
1901,2,0.29,3,neutral,neutral,neutral,neutral
1901,3,0.05,9.4,lanina,neutral,lanina,lanina
1901,4,-0.13,4.5,neutral,neutral,neutral,neutral
1901,5,-0.19,-0.3,neutral,neutral,neutral,neutral
1901,6,-0.26,19.6,lanina,neutral,lanina,lanina
1901,7,-0.3,14.6,lanina,neutral,lanina,lanina
1901,8,-0.38,9.8,lanina,neutral,lanina,lanina
1901,9,-0.3,-16,elnino,neutral,elnino,elnino
1901,10,-0.31,-22.1,elnino,neutral,elnino,elnino
1901,11,-0.39,-8.6,elnino,neutral,elnino,elnino
1901,12,-0.35,-1.9,neutral,neutral,neutral,neutral
1902,1,-0.5,17,lanina,lanina,lanina,lanina
1902,2,-0.26,-2.2,neutral,neutral,neutral,neutral
1902,3,-0.27,11.6,lanina,neutral,lanina,lanina
1902,4,0.2,7.8,lanina,neutral,lanina,lanina
1902,5,0.47,7.6,lanina,neutral,lanina,lanina
1902,6,0.77,2.6,neutral,elnino,elnino,elnino
1902,7,1.44,1.6,neutral,elnino,elnino,elnino
1902,8,1.21,-8.9,elnino,elnino,elnino,elnino
1902,9,1.44,-17.8,elnino,elnino,elnino,elnino
1902,10,1.4,-7.4,elnino,elnino,elnino,elnino
1902,11,1.54,-3.4,neutral,elnino,elnino,elnino
1902,12,1.39,-3,neutral,elnino,elnino,elnino
1903,1,1.33,-9.2,elnino,elnino,elnino,elnino
1903,2,0.93,-10.2,elnino,elnino,elnino,elnino
1903,3,0.79,17.6,lanina,elnino,disagree,disagree
1903,4,0.36,17.7,lanina,neutral,lanina,lanina
1903,5,-0.1,7.6,lanina,neutral,lanina,lanina
1903,6,0.29,-0.6,neutral,neutral,neutral,neutral
1903,7,-0.49,6.1,neutral,neutral,neutral,neutral
1903,8,-0.32,0.1,neutral,neutral,neutral,neutral
1903,9,-0.6,8.7,lanina,lanina,lanina,lanina
1903,10,-0.42,4.2,neutral,neutral,neutral,neutral
1903,11,-0.76,1.3,neutral,lanina,lanina,lanina
1903,12,-1.02,15.9,lanina,lanina,lanina,lanina
1904,1,-0.73,14.1,lanina,lanina,lanina,lanina
1904,2,-0.79,16.2,lanina,lanina,lanina,lanina
1904,3,-0.85,9.4,lanina,lanina,lanina,lanina
1904,4,-0.72,31.7,lanina,lanina,lanina,lanina
1904,5,-0.4,9.2,lanina,neutral,lanina,lanina
1904,6,0.14,-7.1,elnino,neutral,elnino,elnino
1904,7,0.75,-8.9,elnino,elnino,elnino,elnino
1904,8,0.54,0.8,neutral,elnino,elnino,elnino
1904,9,0.01,0.2,neutral,neutral,neutral,neutral
1904,10,0.91,1.2,neutral,elnino,elnino,elnino
1904,11,0.15,-17.2,elnino,neutral,elnino,elnino
1904,12,0.86,2.6,neutral,elnino,elnino,elnino
1905,1,0.68,-9.2,elnino,elnino,elnino,elnino
1905,2,0.72,-16.8,elnino,elnino,elnino,elnino
1905,3,0.92,-30.2,elnino,elnino,elnino,elnino
1905,4,0.29,-42.6,elnino,neutral,elnino,elnino
1905,5,1.08,-37.4,elnino,elnino,elnino,elnino
1905,6,0.59,-31.4,elnino,elnino,elnino,elnino
1905,7,0.82,-21.3,elnino,elnino,elnino,elnino
1905,8,1.04,-7.6,elnino,elnino,elnino,elnino
1905,9,1.42,-7,elnino,elnino,elnino,elnino
1905,10,1.12,-5.6,neutral,elnino,elnino,elnino
1905,11,0.83,-17.9,elnino,elnino,elnino,elnino
1905,12,1.17,-13.1,elnino,elnino,elnino,elnino
1906,1,0.89,-3.5,neutral,elnino,elnino,elnino
1906,2,0.67,-7.4,elnino,elnino,elnino,elnino
1906,3,0.8,-5.2,neutral,elnino,elnino,elnino
1906,4,0.45,-8.8,elnino,neutral,elnino,elnino
1906,5,0.02,1.3,neutral,neutral,neutral,neutral
1906,6,0.15,-3.9,neutral,neutral,neutral,neutral
1906,7,-0.49,6.8,neutral,neutral,neutral,neutral
1906,8,-0.37,15.5,lanina,neutral,lanina,lanina
1906,9,-0.81,18.3,lanina,lanina,lanina,lanina
1906,10,-0.87,9.1,lanina,lanina,lanina,lanina
1906,11,-0.33,21.7,lanina,neutral,lanina,lanina
1906,12,-0.51,4.7,neutral,lanina,lanina,lanina
1907,1,-0.57,5.1,neutral,lanina,lanina,lanina
1907,2,-0.41,1.6,neutral,neutral,neutral,neutral
1907,3,-0.43,-0.3,neutral,neutral,neutral,neutral
1907,4,-0.56,4.5,neutral,lanina,lanina,lanina
1907,5,-0.47,10,lanina,neutral,lanina,lanina
1907,6,-0.41,8.3,lanina,neutral,lanina,lanina
1907,7,-0.55,-4.3,neutral,lanina,lanina,lanina
1907,8,-0.65,-8.2,elnino,lanina,disagree,disagree
1907,9,0.13,0.2,neutral,neutral,neutral,neutral
1907,10,-0.25,0.6,neutral,neutral,neutral,neutral
1907,11,-0.25,-2,neutral,neutral,neutral,neutral
1907,12,-0.09,8.8,lanina,neutral,lanina,lanina
1908,1,-0.27,-10.6,elnino,neutral,elnino,elnino
1908,2,0.07,7.7,lanina,neutral,lanina,lanina
1908,3,-0.63,0.2,neutral,lanina,lanina,lanina
1908,4,-0.55,16.8,lanina,lanina,lanina,lanina
1908,5,-0.45,-1.1,neutral,neutral,neutral,neutral
1908,6,-0.22,-2.3,neutral,neutral,neutral,neutral
1908,7,-0.63,2.2,neutral,lanina,lanina,lanina
1908,8,-0.4,5.3,neutral,neutral,neutral,neutral
1908,9,-0.52,17.7,lanina,lanina,lanina,lanina
1908,10,-0.5,7.9,lanina,lanina,lanina,lanina
1908,11,-0.88,2.6,neutral,lanina,lanina,lanina
1908,12,-1.15,-5.5,neutral,lanina,lanina,lanina
1909,1,-0.29,-2.5,neutral,neutral,neutral,neutral
1909,2,-0.88,-3.2,neutral,lanina,lanina,lanina
1909,3,-0.54,-0.3,neutral,lanina,lanina,lanina
1909,4,-0.68,-14.5,elnino,lanina,disagree,disagree
1909,5,-0.36,2.1,neutral,neutral,neutral,neutral
1909,6,-1.1,22.8,lanina,lanina,lanina,lanina
1909,7,-1,10.7,lanina,lanina,lanina,lanina
1909,8,-0.97,9.8,lanina,lanina,lanina,lanina
1909,9,-0.85,0.8,neutral,lanina,lanina,lanina
1909,10,-1.24,4.2,neutral,lanina,lanina,lanina
1909,11,-1.5,9.2,lanina,lanina,lanina,lanina
1909,12,-1.08,4.7,neutral,lanina,lanina,lanina
1910,1,-0.93,5.6,neutral,lanina,lanina,lanina
1910,2,-0.64,15.2,lanina,lanina,lanina,lanina
1910,3,-0.79,12.7,lanina,lanina,lanina,lanina
1910,4,-1.17,5.3,neutral,lanina,lanina,lanina
1910,5,-1.41,0.5,neutral,lanina,lanina,lanina
1910,6,-1.04,22,lanina,lanina,lanina,lanina
1910,7,-0.88,20.5,lanina,lanina,lanina,lanina
1910,8,-0.9,9.8,lanina,lanina,lanina,lanina
1910,9,-1.29,15.3,lanina,lanina,lanina,lanina
1910,10,-0.94,10.3,lanina,lanina,lanina,lanina
1910,11,-0.53,19.7,lanina,lanina,lanina,lanina
1910,12,-0.64,15.9,lanina,lanina,lanina,lanina
1911,1,-0.57,3.2,neutral,lanina,lanina,lanina
1911,2,-0.58,1.6,neutral,lanina,lanina,lanina
1911,3,-0.82,3.5,neutral,lanina,lanina,lanina
1911,4,-1.11,2,neutral,lanina,lanina,lanina
1911,5,-1.05,-8.2,elnino,lanina,disagree,disagree
1911,6,-0.64,-12,elnino,lanina,disagree,disagree
1911,7,-0.22,-12.8,elnino,neutral,elnino,elnino
1911,8,-0.28,-12.1,elnino,neutral,elnino,elnino
1911,9,0.22,-8.8,elnino,neutral,elnino,elnino
1911,10,0.2,-11.7,elnino,neutral,elnino,elnino
1911,11,0.84,-7.3,elnino,elnino,elnino,elnino
1911,12,0.96,-1.4,neutral,elnino,elnino,elnino
1912,1,1.55,-9.7,elnino,elnino,elnino,elnino
1912,2,0.83,-17.3,elnino,elnino,elnino,elnino
1912,3,0.69,-9,elnino,elnino,elnino,elnino
1912,4,0.58,-21.1,elnino,elnino,elnino,elnino
1912,5,0,-13,elnino,neutral,elnino,elnino
1912,6,-0.24,-6.3,neutral,neutral,neutral,neutral
1912,7,-0.1,-0.4,neutral,neutral,neutral,neutral
1912,8,-0.4,-7.6,elnino,neutral,elnino,elnino
1912,9,0.09,-4,neutral,neutral,neutral,neutral
1912,10,-0.13,-8,elnino,neutral,elnino,elnino
1912,11,0.16,2.6,neutral,neutral,neutral,neutral
1912,12,-0.49,-8,elnino,neutral,elnino,elnino
1913,1,-0.2,-3.5,neutral,neutral,neutral,neutral
1913,2,0.18,-5,neutral,neutral,neutral,neutral
1913,3,0.16,1.3,neutral,neutral,neutral,neutral
1913,4,-0.77,-6.3,neutral,lanina,lanina,lanina
1913,5,-0.28,-8.2,elnino,neutral,elnino,elnino
1913,6,-0.16,-3.9,neutral,neutral,neutral,neutral
1913,7,-0.15,-1.7,neutral,neutral,neutral,neutral
1913,8,-0.09,-7.6,elnino,neutral,elnino,elnino
1913,9,0.05,-9.4,elnino,neutral,elnino,elnino
1913,10,0.03,-9.2,elnino,neutral,elnino,elnino
1913,11,0.8,-11.9,elnino,elnino,elnino,elnino
1913,12,0.85,-7,elnino,elnino,elnino,elnino
1914,1,0.7,-5.4,neutral,elnino,elnino,elnino
1914,2,0.8,2,neutral,elnino,elnino,elnino
1914,3,0.32,9.4,lanina,neutral,lanina,lanina
1914,4,0.69,-14.5,elnino,elnino,elnino,elnino
1914,5,0.01,-0.3,neutral,neutral,neutral,neutral
1914,6,0.08,-16.8,elnino,neutral,elnino,elnino
1914,7,0.53,-18,elnino,elnino,elnino,elnino
1914,8,0.92,-17.2,elnino,elnino,elnino,elnino
1914,9,0.68,-12.4,elnino,elnino,elnino,elnino
1914,10,0.26,-8.6,elnino,neutral,elnino,elnino
1914,11,0.3,-11.9,elnino,neutral,elnino,elnino
1914,12,0.68,-1.4,neutral,elnino,elnino,elnino
1915,1,0.88,-21.6,elnino,elnino,elnino,elnino
1915,2,0.65,-2.2,neutral,elnino,elnino,elnino
1915,3,0.49,-20.4,elnino,neutral,elnino,elnino
1915,4,0.47,-17.8,elnino,neutral,elnino,elnino
1915,5,0.52,-12.2,elnino,elnino,elnino,elnino
1915,6,1.1,6.6,neutral,elnino,elnino,elnino
1915,7,0.07,14,lanina,neutral,lanina,lanina
1915,8,0.05,7.2,lanina,neutral,lanina,lanina
1915,9,0.17,7.5,lanina,neutral,lanina,lanina
1915,10,0.24,2.4,neutral,neutral,neutral,neutral
1915,11,-0.15,-14.6,elnino,neutral,elnino,elnino
1915,12,-0.23,9.8,lanina,neutral,lanina,lanina
1916,1,-0.12,5.6,neutral,neutral,neutral,neutral
1916,2,-0.61,-3.6,neutral,lanina,lanina,lanina
1916,3,-0.54,-6.3,neutral,lanina,lanina,lanina
1916,4,-0.63,-0.5,neutral,lanina,lanina,lanina
1916,5,-0.23,6.8,neutral,neutral,neutral,neutral
1916,6,-0.36,9.1,lanina,neutral,lanina,lanina
1916,7,-1.11,25.7,lanina,lanina,lanina,lanina
1916,8,-1.48,16.2,lanina,lanina,lanina,lanina
1916,9,-1.36,4.5,neutral,lanina,lanina,lanina
1916,10,-1.36,6.1,neutral,lanina,lanina,lanina
1916,11,-1.72,9.8,lanina,lanina,lanina,lanina
1916,12,-1.64,15.4,lanina,lanina,lanina,lanina
1917,1,-1.56,5.1,neutral,lanina,lanina,lanina
1917,2,-1.2,10,lanina,lanina,lanina,lanina
1917,3,-0.64,18.1,lanina,lanina,lanina,lanina
1917,4,-0.29,21.8,lanina,neutral,lanina,lanina
1917,5,-0.3,21.8,lanina,neutral,lanina,lanina
1917,6,-0.04,21.2,lanina,neutral,lanina,lanina
1917,7,-0.05,28.3,lanina,neutral,lanina,lanina
1917,8,0.15,34.8,lanina,neutral,lanina,lanina
1917,9,-0.03,29.7,lanina,neutral,lanina,lanina
1917,10,0.04,15.2,lanina,neutral,lanina,lanina
1917,11,-0.43,21,lanina,neutral,lanina,lanina
1917,12,-0.72,22.5,lanina,lanina,lanina,lanina
1918,1,-0.84,14.6,lanina,lanina,lanina,lanina
1918,2,-0.82,16.6,lanina,lanina,lanina,lanina
1918,3,-0.96,-2,neutral,lanina,lanina,lanina
1918,4,-0.56,16.8,lanina,lanina,lanina,lanina
1918,5,-0.17,10,lanina,neutral,lanina,lanina
1918,6,0.37,-4.7,neutral,neutral,neutral,neutral
1918,7,-0.07,-14.1,elnino,neutral,elnino,elnino
1918,8,0.12,-4.4,neutral,neutral,neutral,neutral
1918,9,0.41,-8.2,elnino,neutral,elnino,elnino
1918,10,0.93,-5,neutral,elnino,elnino,elnino
1918,11,1.23,1.3,neutral,elnino,elnino,elnino
1918,12,1.3,-8,elnino,elnino,elnino,elnino
1919,1,1.6,-14.9,elnino,elnino,elnino,elnino
1919,2,1.24,-11.2,elnino,elnino,elnino,elnino
1919,3,0.9,-12.8,elnino,elnino,elnino,elnino
1919,4,0.69,-3,neutral,elnino,elnino,elnino
1919,5,0.63,-7.4,elnino,elnino,elnino,elnino
1919,6,0.61,-10.4,elnino,elnino,elnino,elnino
1919,7,0.4,-8.9,elnino,neutral,elnino,elnino
1919,8,0.62,-6.9,neutral,elnino,elnino,elnino
1919,9,0.5,-5.8,neutral,elnino,elnino,elnino
1919,10,0.13,-10.5,elnino,neutral,elnino,elnino
1919,11,-0.37,-11.3,elnino,neutral,elnino,elnino
1919,12,0.34,-9.1,elnino,neutral,elnino,elnino
1920,1,0.64,1.8,neutral,elnino,elnino,elnino
1920,2,0.6,-1.7,neutral,elnino,elnino,elnino
1920,3,0.53,-4.1,neutral,elnino,elnino,elnino
1920,4,-0.16,0.3,neutral,neutral,neutral,neutral
1920,5,-0.21,-2.7,neutral,neutral,neutral,neutral
1920,6,0.29,6.6,neutral,neutral,neutral,neutral
1920,7,0.15,9.4,lanina,neutral,lanina,lanina
1920,8,0.13,5.3,neutral,neutral,neutral,neutral
1920,9,0.27,5.1,neutral,neutral,neutral,neutral
1920,10,0.48,-4.3,neutral,neutral,neutral,neutral
1920,11,-0.08,-0.1,neutral,neutral,neutral,neutral
1920,12,-0.01,9.8,lanina,neutral,lanina,lanina
1921,1,0.43,10.8,lanina,neutral,lanina,lanina
1921,2,-0.52,6.7,neutral,lanina,lanina,lanina
1921,3,-1.42,8.9,lanina,lanina,lanina,lanina
1921,4,-0.55,-7.1,elnino,lanina,disagree,disagree
1921,5,-0.92,2.1,neutral,lanina,lanina,lanina
1921,6,-0.21,22,lanina,neutral,lanina,lanina
1921,7,-0.27,2.9,neutral,neutral,neutral,neutral
1921,8,-0.29,-6.9,neutral,neutral,neutral,neutral
1921,9,-0.17,5.1,neutral,neutral,neutral,neutral
1921,10,0.04,9.7,lanina,neutral,lanina,lanina
1921,11,-1.03,8.5,lanina,lanina,lanina,lanina
1921,12,-0.5,8.2,lanina,lanina,lanina,lanina
1922,1,-0.54,8,lanina,lanina,lanina,lanina
1922,2,-0.07,9.1,lanina,neutral,lanina,lanina
1922,3,0.08,5.6,neutral,neutral,neutral,neutral
1922,4,-0.54,-5.5,neutral,lanina,lanina,lanina
1922,5,0.22,-5.1,neutral,neutral,neutral,neutral
1922,6,-0.44,5.8,neutral,neutral,neutral,neutral
1922,7,-0.44,2.2,neutral,neutral,neutral,neutral
1922,8,-0.78,-1.2,neutral,lanina,lanina,lanina
1922,9,-0.38,5.1,neutral,neutral,neutral,neutral
1922,10,-0.26,6.1,neutral,neutral,neutral,neutral
1922,11,-0.31,8.5,lanina,neutral,lanina,lanina
1922,12,-0.53,11.8,lanina,lanina,lanina,lanina
1923,1,-0.41,5.6,neutral,neutral,neutral,neutral
1923,2,-0.76,4.4,neutral,lanina,lanina,lanina
1923,3,-0.85,8.9,lanina,lanina,lanina,lanina
1923,4,-0.55,8.6,lanina,lanina,lanina,lanina
1923,5,-0.25,2.1,neutral,neutral,neutral,neutral
1923,6,-0.15,1,neutral,neutral,neutral,neutral
1923,7,-0.2,-11.5,elnino,neutral,elnino,elnino
1923,8,0.2,-18.5,elnino,neutral,elnino,elnino
1923,9,0.64,-14.8,elnino,elnino,elnino,elnino
1923,10,0.79,-6.2,neutral,elnino,elnino,elnino
1923,11,0.87,-12.6,elnino,elnino,elnino,elnino
1923,12,1.02,2.1,neutral,elnino,elnino,elnino
1924,1,0.46,-5.4,neutral,neutral,neutral,neutral
1924,2,0.63,1.1,neutral,elnino,elnino,elnino
1924,3,0.39,2.4,neutral,neutral,neutral,neutral
1924,4,-0.02,-15.4,elnino,neutral,elnino,elnino
1924,5,-0.85,11.5,lanina,lanina,lanina,lanina
1924,6,-0.67,8.3,lanina,lanina,lanina,lanina
1924,7,-0.98,7.4,lanina,lanina,lanina,lanina
1924,8,-0.78,10.4,lanina,lanina,lanina,lanina
1924,9,-0.86,8.1,lanina,lanina,lanina,lanina
1924,10,-0.46,7.9,lanina,neutral,lanina,lanina
1924,11,-1.09,11.8,lanina,lanina,lanina,lanina
1924,12,-0.66,5.2,neutral,lanina,lanina,lanina
1925,1,-1.03,5.6,neutral,lanina,lanina,lanina
1925,2,-0.47,13.8,lanina,neutral,lanina,lanina
1925,3,-0.53,14.9,lanina,lanina,lanina,lanina
1925,4,-0.52,14.4,lanina,lanina,lanina,lanina
1925,5,-0.4,-1.1,neutral,neutral,neutral,neutral
1925,6,-0.18,-4.7,neutral,neutral,neutral,neutral
1925,7,0.5,-13.4,elnino,elnino,elnino,elnino
1925,8,0.68,-10.8,elnino,elnino,elnino,elnino
1925,9,0.77,-6.4,neutral,elnino,elnino,elnino
1925,10,0.85,-12.9,elnino,elnino,elnino,elnino
1925,11,1,-9.3,elnino,elnino,elnino,elnino
1925,12,1.6,-7,elnino,elnino,elnino,elnino
1926,1,1.52,-5.4,neutral,elnino,elnino,elnino
1926,2,1.29,-14.5,elnino,elnino,elnino,elnino
1926,3,1.19,-13.3,elnino,elnino,elnino,elnino
1926,4,1.01,-7.1,elnino,elnino,elnino,elnino
1926,5,0.83,-2.7,neutral,elnino,elnino,elnino
1926,6,0.61,-7.1,elnino,elnino,elnino,elnino
1926,7,0.63,-1,neutral,elnino,elnino,elnino
1926,8,0.15,-7.6,elnino,neutral,elnino,elnino
1926,9,-0.07,1.4,neutral,neutral,neutral,neutral
1926,10,-0.39,4.2,neutral,neutral,neutral,neutral
1926,11,-0.27,1.3,neutral,neutral,neutral,neutral
1926,12,-0.23,6.2,neutral,neutral,neutral,neutral
1927,1,0.1,5.1,neutral,neutral,neutral,neutral
1927,2,0.23,1.1,neutral,neutral,neutral,neutral
1927,3,-0.18,18.1,lanina,neutral,lanina,lanina
1927,4,-0.27,6.9,neutral,neutral,neutral,neutral
1927,5,-0.59,6,neutral,lanina,lanina,lanina
1927,6,-0.15,8.3,lanina,neutral,lanina,lanina
1927,7,-0.31,6.1,neutral,neutral,neutral,neutral
1927,8,-0.09,-5,neutral,neutral,neutral,neutral
1927,9,-0.16,-0.4,neutral,neutral,neutral,neutral
1927,10,0.27,-4.3,neutral,neutral,neutral,neutral
1927,11,-0.04,-8,elnino,neutral,elnino,elnino
1927,12,0.25,7.7,lanina,neutral,lanina,lanina
1928,1,0.47,-10.1,elnino,neutral,elnino,elnino
1928,2,0.21,10.5,lanina,neutral,lanina,lanina
1928,3,-0.24,13.8,lanina,neutral,lanina,lanina
1928,4,-0.22,11.9,lanina,neutral,lanina,lanina
1928,5,-0.04,-2.7,neutral,neutral,neutral,neutral
1928,6,-0.26,-7.9,elnino,neutral,elnino,elnino
1928,7,0.02,-0.4,neutral,neutral,neutral,neutral
1928,8,-0.28,9.8,lanina,neutral,lanina,lanina
1928,9,-0.13,8.1,lanina,neutral,lanina,lanina
1928,10,-0.12,9.1,lanina,neutral,lanina,lanina
1928,11,-0.17,2.6,neutral,neutral,neutral,neutral
1928,12,-0.03,11.8,lanina,neutral,lanina,lanina
1929,1,-0.15,16,lanina,neutral,lanina,lanina
1929,2,-0.08,18,lanina,neutral,lanina,lanina
1929,3,-0.15,5.1,neutral,neutral,neutral,neutral
1929,4,-0.15,4.5,neutral,neutral,neutral,neutral
1929,5,-0.17,-12.2,elnino,neutral,elnino,elnino
1929,6,0.13,1,neutral,neutral,neutral,neutral
1929,7,-0.02,1.6,neutral,neutral,neutral,neutral
1929,8,0.1,0.1,neutral,neutral,neutral,neutral
1929,9,0.3,-0.4,neutral,neutral,neutral,neutral
1929,10,0.4,7.9,lanina,neutral,lanina,lanina
1929,11,0.18,11.1,lanina,neutral,lanina,lanina
1929,12,0.63,5.7,neutral,elnino,elnino,elnino
1930,1,0.35,12.7,lanina,neutral,lanina,lanina
1930,2,0.39,7.7,lanina,neutral,lanina,lanina
1930,3,0.29,1.8,neutral,neutral,neutral,neutral
1930,4,0.41,-3.8,neutral,neutral,neutral,neutral
1930,5,-0.04,2.1,neutral,neutral,neutral,neutral
1930,6,0.27,-5.5,neutral,neutral,neutral,neutral
1930,7,0.64,-4.3,neutral,elnino,elnino,elnino
1930,8,0.68,-1.8,neutral,elnino,elnino,elnino
1930,9,1.28,-7,elnino,elnino,elnino,elnino
1930,10,1.14,3.6,neutral,elnino,elnino,elnino
1930,11,1.79,1.9,neutral,elnino,elnino,elnino
1930,12,1.41,-1.4,neutral,elnino,elnino,elnino
1931,1,1.49,7,lanina,elnino,disagree,disagree
1931,2,1.33,-14.9,elnino,elnino,elnino,elnino
1931,3,1.18,5.6,neutral,elnino,elnino,elnino
1931,4,0.96,8.6,lanina,elnino,disagree,disagree
1931,5,0.63,13.1,lanina,elnino,disagree,disagree
1931,6,0.48,18.8,lanina,neutral,lanina,lanina
1931,7,0.4,9.4,lanina,neutral,lanina,lanina
1931,8,0.15,0.1,neutral,neutral,neutral,neutral
1931,9,-0.42,5.1,neutral,neutral,neutral,neutral
1931,10,-0.22,-12.9,elnino,neutral,elnino,elnino
1931,11,-0.27,-4.7,neutral,neutral,neutral,neutral
1931,12,-0.28,4.7,neutral,neutral,neutral,neutral
1932,1,-0.42,1.8,neutral,neutral,neutral,neutral
1932,2,-0.19,-3.6,neutral,neutral,neutral,neutral
1932,3,0.25,-2.5,neutral,neutral,neutral,neutral
1932,4,0.25,-2.1,neutral,neutral,neutral,neutral
1932,5,0.28,2.8,neutral,neutral,neutral,neutral
1932,6,0.19,-4.7,neutral,neutral,neutral,neutral
1932,7,-0.11,-5,neutral,neutral,neutral,neutral
1932,8,0.09,-6.9,neutral,neutral,neutral,neutral
1932,9,0.02,-8.8,elnino,neutral,elnino,elnino
1932,10,0.02,-4.3,neutral,neutral,neutral,neutral
1932,11,-0.04,-4.7,neutral,neutral,neutral,neutral
1932,12,-0.41,3.2,neutral,neutral,neutral,neutral
1933,1,-0.21,-11.1,elnino,neutral,elnino,elnino
1933,2,-0.08,4.9,neutral,neutral,neutral,neutral
1933,3,-0.2,-2,neutral,neutral,neutral,neutral
1933,4,0.01,3.6,neutral,neutral,neutral,neutral
1933,5,-0.4,6,neutral,neutral,neutral,neutral
1933,6,-0.86,-3.9,neutral,lanina,lanina,lanina
1933,7,-0.66,3.5,neutral,lanina,lanina,lanina
1933,8,-0.94,-0.5,neutral,lanina,lanina,lanina
1933,9,-0.77,2,neutral,lanina,lanina,lanina
1933,10,-1.1,3.6,neutral,lanina,lanina,lanina
1933,11,-1.06,7.2,lanina,lanina,lanina,lanina
1933,12,-1.21,8.2,lanina,lanina,lanina,lanina
1934,1,-0.93,6.5,neutral,lanina,lanina,lanina
1934,2,-0.87,0.1,neutral,lanina,lanina,lanina
1934,3,-0.95,0.2,neutral,lanina,lanina,lanina
1934,4,-0.42,6.1,neutral,neutral,neutral,neutral
1934,5,-0.49,-7.4,elnino,neutral,elnino,elnino
1934,6,-0.33,10.7,lanina,neutral,lanina,lanina
1934,7,-0.43,2.9,neutral,neutral,neutral,neutral
1934,8,-0.33,-22.4,elnino,neutral,elnino,elnino
1934,9,-0.52,-6.4,neutral,lanina,lanina,lanina
1934,10,-0.26,4.2,neutral,neutral,neutral,neutral
1934,11,-0.11,13.1,lanina,neutral,lanina,lanina
1934,12,-0.24,-2.4,neutral,neutral,neutral,neutral
1935,1,-0.32,6.5,neutral,neutral,neutral,neutral
1935,2,-0.19,-4.6,neutral,neutral,neutral,neutral
1935,3,-0.28,12.2,lanina,neutral,lanina,lanina
1935,4,-0.32,2.8,neutral,neutral,neutral,neutral
1935,5,-0.54,-6.6,neutral,lanina,lanina,lanina
1935,6,-0.4,-2.3,neutral,neutral,neutral,neutral
1935,7,-0.65,-0.4,neutral,lanina,lanina,lanina
1935,8,0.06,2.1,neutral,neutral,neutral,neutral
1935,9,0.08,6.3,neutral,neutral,neutral,neutral
1935,10,0.28,7.3,lanina,neutral,lanina,lanina
1935,11,0.28,3.9,neutral,neutral,neutral,neutral
1935,12,-0.04,-4,neutral,neutral,neutral,neutral
1936,1,0.74,-2,neutral,elnino,elnino,elnino
1936,2,0.49,0.6,neutral,neutral,neutral,neutral
1936,3,0,1.8,neutral,neutral,neutral,neutral
1936,4,0.29,22.6,lanina,neutral,lanina,lanina
1936,5,-0.07,4.4,neutral,neutral,neutral,neutral
1936,6,-0.35,-1.5,neutral,neutral,neutral,neutral
1936,7,-0.34,4.2,neutral,neutral,neutral,neutral
1936,8,-0.32,-8.9,elnino,neutral,elnino,elnino
1936,9,-0.1,2.6,neutral,neutral,neutral,neutral
1936,10,0.38,-0.1,neutral,neutral,neutral,neutral
1936,11,-0.03,-13.9,elnino,neutral,elnino,elnino
1936,12,0.63,0.6,neutral,elnino,elnino,elnino
1937,1,-0.3,9.4,lanina,neutral,lanina,lanina
1937,2,0.3,-5,neutral,neutral,neutral,neutral
1937,3,0.25,6.2,neutral,neutral,neutral,neutral
1937,4,0.21,2,neutral,neutral,neutral,neutral
1937,5,-0.43,-0.3,neutral,neutral,neutral,neutral
1937,6,-0.3,3.4,neutral,neutral,neutral,neutral
1937,7,0.09,-5.6,neutral,neutral,neutral,neutral
1937,8,-0.2,3.3,neutral,neutral,neutral,neutral
1937,9,0.17,0.8,neutral,neutral,neutral,neutral
1937,10,-0.1,-2.5,neutral,neutral,neutral,neutral
1937,11,0.21,-2,neutral,neutral,neutral,neutral
1937,12,0.22,6.7,neutral,neutral,neutral,neutral
1938,1,-0.21,7.5,lanina,neutral,lanina,lanina
1938,2,0.23,3.4,neutral,neutral,neutral,neutral
1938,3,-0.06,-3.6,neutral,neutral,neutral,neutral
1938,4,0.09,3.6,neutral,neutral,neutral,neutral
1938,5,-0.33,13.1,lanina,neutral,lanina,lanina
1938,6,-0.88,18,lanina,lanina,lanina,lanina
1938,7,-0.98,18.5,lanina,lanina,lanina,lanina
1938,8,-0.81,13,lanina,lanina,lanina,lanina
1938,9,-0.28,7.5,lanina,neutral,lanina,lanina
1938,10,-0.75,12.8,lanina,lanina,lanina,lanina
1938,11,-0.72,1.9,neutral,lanina,lanina,lanina
1938,12,-0.79,13.8,lanina,lanina,lanina,lanina
1939,1,-0.67,17,lanina,lanina,lanina,lanina
1939,2,-0.95,7.7,lanina,lanina,lanina,lanina
1939,3,-0.85,11.6,lanina,lanina,lanina,lanina
1939,4,-0.27,9.4,lanina,neutral,lanina,lanina
1939,5,-0.25,-1.1,neutral,neutral,neutral,neutral
1939,6,0.05,-1.5,neutral,neutral,neutral,neutral
1939,7,0.25,8.1,lanina,neutral,lanina,lanina
1939,8,0.06,-0.5,neutral,neutral,neutral,neutral
1939,9,0.43,-9.4,elnino,neutral,elnino,elnino
1939,10,-0.47,-14.7,elnino,neutral,elnino,elnino
1939,11,0.32,-8,elnino,neutral,elnino,elnino
1939,12,0.05,-8.6,elnino,neutral,elnino,elnino
1940,1,1.18,-0.1,neutral,elnino,elnino,elnino
1940,2,1.38,-4.1,neutral,elnino,elnino,elnino
1940,3,1.19,-10.6,elnino,elnino,elnino,elnino
1940,4,0.8,-9.6,elnino,elnino,elnino,elnino
1940,5,0.34,-14.5,elnino,neutral,elnino,elnino
1940,6,0.55,-19.3,elnino,elnino,elnino,elnino
1940,7,0.21,-15.4,elnino,neutral,elnino,elnino
1940,8,0.75,-18.5,elnino,elnino,elnino,elnino
1940,9,0.05,-19.6,elnino,neutral,elnino,elnino
1940,10,0.32,-18.4,elnino,neutral,elnino,elnino
1940,11,0.7,-6.7,neutral,elnino,elnino,elnino
1940,12,1.39,-29.4,elnino,elnino,elnino,elnino
1941,1,1.38,-9.7,elnino,elnino,elnino,elnino
1941,2,1.34,-15.4,elnino,elnino,elnino,elnino
1941,3,1.41,-10.6,elnino,elnino,elnino,elnino
1941,4,1.36,-11.2,elnino,elnino,elnino,elnino
1941,5,1.32,-6.6,neutral,elnino,elnino,elnino
1941,6,0.88,-14.4,elnino,elnino,elnino,elnino
1941,7,0.73,-20.6,elnino,elnino,elnino,elnino
1941,8,0.79,-19.1,elnino,elnino,elnino,elnino
1941,9,0.68,-8.2,elnino,elnino,elnino,elnino
1941,10,0.99,-20.2,elnino,elnino,elnino,elnino
1941,11,1.17,-9.3,elnino,elnino,elnino,elnino
1941,12,1.27,-8.6,elnino,elnino,elnino,elnino
1942,1,0.61,-13,elnino,elnino,elnino,elnino
1942,2,0.53,-3.6,neutral,elnino,elnino,elnino
1942,3,0.25,-5.8,neutral,neutral,neutral,neutral
1942,4,0.57,-5.5,neutral,elnino,elnino,elnino
1942,5,-0.1,5.2,neutral,neutral,neutral,neutral
1942,6,-0.52,8.3,lanina,lanina,lanina,lanina
1942,7,-0.55,-1,neutral,lanina,lanina,lanina
1942,8,-0.96,4,neutral,lanina,lanina,lanina
1942,9,-1.17,8.7,lanina,lanina,lanina,lanina
1942,10,-1.32,8.5,lanina,lanina,lanina,lanina
1942,11,-1.5,-4,neutral,lanina,lanina,lanina
1942,12,-1.24,13.8,lanina,lanina,lanina,lanina
1943,1,-1.2,9.4,lanina,lanina,lanina,lanina
1943,2,-1.18,10.5,lanina,lanina,lanina,lanina
1943,3,-1.1,4,neutral,lanina,lanina,lanina
1943,4,-0.6,13.5,lanina,lanina,lanina,lanina
1943,5,-0.36,2.8,neutral,neutral,neutral,neutral
1943,6,-0.11,-7.9,elnino,neutral,elnino,elnino
1943,7,-0.09,2.9,neutral,neutral,neutral,neutral
1943,8,0.05,7.8,lanina,neutral,lanina,lanina
1943,9,-0.24,5.7,neutral,neutral,neutral,neutral
1943,10,-0.44,9.1,lanina,neutral,lanina,lanina
1943,11,-0.5,3.9,neutral,lanina,lanina,lanina
1943,12,-0.42,-8.6,elnino,neutral,elnino,elnino
1944,1,-0.42,-8.2,elnino,neutral,elnino,elnino
1944,2,0.16,3.9,neutral,neutral,neutral,neutral
1944,3,-0.21,5.6,neutral,neutral,neutral,neutral
1944,4,0.11,-5.5,neutral,neutral,neutral,neutral
1944,5,0.14,-1.1,neutral,neutral,neutral,neutral
1944,6,0.04,-3.9,neutral,neutral,neutral,neutral
1944,7,0.08,-8.9,elnino,neutral,elnino,elnino
1944,8,0,3.3,neutral,neutral,neutral,neutral
1944,9,-0.31,2.6,neutral,neutral,neutral,neutral
1944,10,-0.22,-8.6,elnino,neutral,elnino,elnino
1944,11,-0.35,-6.7,neutral,neutral,neutral,neutral
1944,12,-0.26,4.2,neutral,neutral,neutral,neutral
1945,1,-0.36,5.1,neutral,neutral,neutral,neutral
1945,2,-0.47,6.3,neutral,neutral,neutral,neutral
1945,3,-0.79,13.2,lanina,lanina,lanina,lanina
1945,4,-0.76,-7.1,elnino,lanina,disagree,disagree
1945,5,-0.46,-0.3,neutral,neutral,neutral,neutral
1945,6,-0.59,8.3,lanina,lanina,lanina,lanina
1945,7,-0.61,3.5,neutral,lanina,lanina,lanina
1945,8,-0.84,11.7,lanina,lanina,lanina,lanina
1945,9,-0.82,8.7,lanina,lanina,lanina,lanina
1945,10,-0.86,2.4,neutral,lanina,lanina,lanina
1945,11,-0.42,-3.4,neutral,neutral,neutral,neutral
1945,12,-0.54,6.7,neutral,lanina,lanina,lanina
1946,1,-0.44,-2.5,neutral,neutral,neutral,neutral
1946,2,-0.24,4.4,neutral,neutral,neutral,neutral
1946,3,-0.36,-2,neutral,neutral,neutral,neutral
1946,4,-0.48,-9.6,elnino,neutral,elnino,elnino
1946,5,-0.39,-11.4,elnino,neutral,elnino,elnino
1946,6,0.15,-9.6,elnino,neutral,elnino,elnino
1946,7,0.03,-10.2,elnino,neutral,elnino,elnino
1946,8,-0.52,-4.4,neutral,lanina,lanina,lanina
1946,9,-0.19,-16,elnino,neutral,elnino,elnino
1946,10,-0.01,-12.3,elnino,neutral,elnino,elnino
1946,11,-0.18,-1.4,neutral,neutral,neutral,neutral
1946,12,0.03,-5.5,neutral,neutral,neutral,neutral
1947,1,0.39,-4.9,neutral,neutral,neutral,neutral
1947,2,-0.13,-4.1,neutral,neutral,neutral,neutral
1947,3,0.28,11.6,lanina,neutral,lanina,lanina
1947,4,-0.07,-4.6,neutral,neutral,neutral,neutral
1947,5,-0.55,-13.7,elnino,lanina,disagree,disagree
1947,6,0.07,2.6,neutral,neutral,neutral,neutral
1947,7,-0.39,9.4,lanina,neutral,lanina,lanina
1947,8,-0.37,7.2,lanina,neutral,lanina,lanina
1947,9,-1.05,11.7,lanina,lanina,lanina,lanina
1947,10,-0.82,-1.9,neutral,lanina,lanina,lanina
1947,11,-0.73,9.2,lanina,lanina,lanina,lanina
1947,12,0.18,5.2,neutral,neutral,neutral,neutral
1948,1,0.05,-3,neutral,neutral,neutral,neutral
1948,2,0.37,-2.7,neutral,neutral,neutral,neutral
1948,3,0.63,-4.1,neutral,elnino,elnino,elnino
1948,4,0.25,2.8,neutral,neutral,neutral,neutral
1948,5,0.31,3.6,neutral,neutral,neutral,neutral
1948,6,0.06,-4.7,neutral,neutral,neutral,neutral
1948,7,-0.06,0.9,neutral,neutral,neutral,neutral
1948,8,-0.02,-4.4,neutral,neutral,neutral,neutral
1948,9,-0.02,-7.6,elnino,neutral,elnino,elnino
1948,10,-0.68,6.1,neutral,lanina,lanina,lanina
1948,11,-0.3,4.6,neutral,neutral,neutral,neutral
1948,12,0.38,-5.5,neutral,neutral,neutral,neutral
1949,1,-0.46,-7.3,elnino,neutral,elnino,elnino
1949,2,0.26,2,neutral,neutral,neutral,neutral
1949,3,-0.55,5.6,neutral,lanina,lanina,lanina
1949,4,0.19,1.2,neutral,neutral,neutral,neutral
1949,5,-0.07,-5.8,neutral,neutral,neutral,neutral
1949,6,-0.72,-12,elnino,lanina,disagree,disagree
1949,7,-0.39,-1.7,neutral,neutral,neutral,neutral
1949,8,-0.32,-4.4,neutral,neutral,neutral,neutral
1949,9,-0.65,2,neutral,lanina,lanina,lanina
1949,10,-0.72,5.4,neutral,lanina,lanina,lanina
1949,11,-1.33,-6,neutral,lanina,lanina,lanina
1949,12,-1.2,7.7,lanina,lanina,lanina,lanina
1950,1,-1.05,5.1,neutral,lanina,lanina,lanina
1950,2,-1.5,17.6,lanina,lanina,lanina,lanina
1950,3,-1.07,17.6,lanina,lanina,lanina,lanina
1950,4,-0.91,16.8,lanina,lanina,lanina,lanina
1950,5,-1.3,7.6,lanina,lanina,lanina,lanina
1950,6,-0.86,26.9,lanina,lanina,lanina,lanina
1950,7,-1.08,21.1,lanina,lanina,lanina,lanina
1950,8,-0.63,12.3,lanina,lanina,lanina,lanina
1950,9,-1.1,6.9,neutral,lanina,lanina,lanina
1950,10,-0.83,17.1,lanina,lanina,lanina,lanina
1950,11,-1.38,12.5,lanina,lanina,lanina,lanina
1950,12,-1.04,23,lanina,lanina,lanina,lanina
1951,1,-1.13,16.5,lanina,lanina,lanina,lanina
1951,2,-0.74,9.6,lanina,lanina,lanina,lanina
1951,3,-0.77,-1.4,neutral,lanina,lanina,lanina
1951,4,-0.17,-1.3,neutral,neutral,neutral,neutral
1951,5,-0.1,-6.6,neutral,neutral,neutral,neutral
1951,6,-0.09,5,neutral,neutral,neutral,neutral
1951,7,0.66,-8.2,elnino,elnino,elnino,elnino
1951,8,0.9,-0.5,neutral,elnino,elnino,elnino
1951,9,0.67,-7,elnino,elnino,elnino,elnino
1951,10,0.79,-8,elnino,elnino,elnino,elnino
1951,11,0.78,-3.4,neutral,elnino,elnino,elnino
1951,12,0.71,-3,neutral,elnino,elnino,elnino
1952,1,0.39,-9.2,elnino,neutral,elnino,elnino
1952,2,0.24,-7.9,elnino,neutral,elnino,elnino
1952,3,0.04,0.2,neutral,neutral,neutral,neutral
1952,4,0.41,-8.8,elnino,neutral,elnino,elnino
1952,5,-0.38,6,neutral,neutral,neutral,neutral
1952,6,-0.66,7.4,lanina,lanina,lanina,lanina
1952,7,-0.59,3.5,neutral,lanina,lanina,lanina
1952,8,-0.42,-3.7,neutral,neutral,neutral,neutral
1952,9,-0.35,-3.4,neutral,neutral,neutral,neutral
1952,10,-0.04,1.8,neutral,neutral,neutral,neutral
1952,11,-0.32,-0.7,neutral,neutral,neutral,neutral
1952,12,-0.55,-12.6,elnino,lanina,disagree,disagree
1953,1,0.36,2.2,neutral,neutral,neutral,neutral
1953,2,0.24,-6,neutral,neutral,neutral,neutral
1953,3,0.22,-5.8,neutral,neutral,neutral,neutral
1953,4,0.77,-0.5,neutral,elnino,elnino,elnino
1953,5,0.35,-31.9,elnino,neutral,elnino,elnino
1953,6,0.41,-2.3,neutral,neutral,neutral,neutral
1953,7,0.2,-1,neutral,neutral,neutral,neutral
1953,8,0.04,-17.2,elnino,neutral,elnino,elnino
1953,9,0.67,-13,elnino,elnino,elnino,elnino
1953,10,0.11,-0.1,neutral,neutral,neutral,neutral
1953,11,0.31,-2,neutral,neutral,neutral,neutral
1953,12,0.15,-4,neutral,neutral,neutral,neutral
1954,1,0.39,6,neutral,neutral,neutral,neutral
1954,2,0.21,-3.6,neutral,neutral,neutral,neutral
1954,3,0.01,-0.9,neutral,neutral,neutral,neutral
1954,4,-0.32,6.9,neutral,neutral,neutral,neutral
1954,5,-0.53,4.4,neutral,lanina,lanina,lanina
1954,6,-0.8,-1.5,neutral,lanina,lanina,lanina
1954,7,-1.02,4.2,neutral,lanina,lanina,lanina
1954,8,-1.08,10.4,lanina,lanina,lanina,lanina
1954,9,-1.03,4.5,neutral,lanina,lanina,lanina
1954,10,-0.91,1.8,neutral,lanina,lanina,lanina
1954,11,-1.17,3.9,neutral,lanina,lanina,lanina
1954,12,-0.79,12.8,lanina,lanina,lanina,lanina
1955,1,-0.66,-5.4,neutral,lanina,lanina,lanina
1955,2,-0.79,15.2,lanina,lanina,lanina,lanina
1955,3,-0.8,2.9,neutral,lanina,lanina,lanina
1955,4,-0.95,-3,neutral,lanina,lanina,lanina
1955,5,-1.23,13.1,lanina,lanina,lanina,lanina
1955,6,-1.2,16.4,lanina,lanina,lanina,lanina
1955,7,-1.32,19.2,lanina,lanina,lanina,lanina
1955,8,-0.91,14.9,lanina,lanina,lanina,lanina
1955,9,-1.33,14.1,lanina,lanina,lanina,lanina
1955,10,-1.59,15.2,lanina,lanina,lanina,lanina
1955,11,-1.91,15.1,lanina,lanina,lanina,lanina
1955,12,-1.52,9.3,lanina,lanina,lanina,lanina
1956,1,-1.23,11.3,lanina,lanina,lanina,lanina
1956,2,-0.98,12.4,lanina,lanina,lanina,lanina
1956,3,-0.93,9.4,lanina,lanina,lanina,lanina
1956,4,-0.78,11.1,lanina,lanina,lanina,lanina
1956,5,-0.59,17.9,lanina,lanina,lanina,lanina
1956,6,-0.83,12.3,lanina,lanina,lanina,lanina
1956,7,-0.94,12.6,lanina,lanina,lanina,lanina
1956,8,-0.81,11,lanina,lanina,lanina,lanina
1956,9,-0.91,0.2,neutral,lanina,lanina,lanina
1956,10,-0.69,18.3,lanina,lanina,lanina,lanina
1956,11,-1.01,1.9,neutral,lanina,lanina,lanina
1956,12,-0.58,10.3,lanina,lanina,lanina,lanina
1957,1,-0.56,5.6,neutral,lanina,lanina,lanina
1957,2,-0.24,-2.2,neutral,neutral,neutral,neutral
1957,3,0.08,-0.9,neutral,neutral,neutral,neutral
1957,4,0.42,1.2,neutral,neutral,neutral,neutral
1957,5,0.45,-12.2,elnino,neutral,elnino,elnino
1957,6,0.53,-2.3,neutral,elnino,elnino,elnino
1957,7,0.69,0.9,neutral,elnino,elnino,elnino
1957,8,0.79,-9.5,elnino,elnino,elnino,elnino
1957,9,0.53,-10.6,elnino,elnino,elnino,elnino
1957,10,0.74,-1.3,neutral,elnino,elnino,elnino
1957,11,1.09,-11.9,elnino,elnino,elnino,elnino
1957,12,1.18,-3.5,neutral,elnino,elnino,elnino
1958,1,1.54,-16.8,elnino,elnino,elnino,elnino
1958,2,1.4,-6.9,neutral,elnino,elnino,elnino
1958,3,0.99,-1.4,neutral,elnino,elnino,elnino
1958,4,0.31,1.2,neutral,neutral,neutral,neutral
1958,5,0.32,-8.2,elnino,neutral,elnino,elnino
1958,6,0.3,0.2,neutral,neutral,neutral,neutral
1958,7,0.04,2.2,neutral,neutral,neutral,neutral
1958,8,0.24,7.8,lanina,neutral,lanina,lanina
1958,9,-0.31,-3.4,neutral,neutral,neutral,neutral
1958,10,-0.03,-1.9,neutral,neutral,neutral,neutral
1958,11,0.05,-4.7,neutral,neutral,neutral,neutral
1958,12,0.3,-6.5,neutral,neutral,neutral,neutral
1959,1,0.43,-8.7,elnino,neutral,elnino,elnino
1959,2,0.5,-14,elnino,elnino,elnino,elnino
1959,3,0.26,8.4,lanina,neutral,lanina,lanina
1959,4,0.27,3.6,neutral,neutral,neutral,neutral
1959,5,-0.01,2.8,neutral,neutral,neutral,neutral
1959,6,-0.33,-6.3,neutral,neutral,neutral,neutral
1959,7,-0.28,-5,neutral,neutral,neutral,neutral
1959,8,-0.41,-5,neutral,neutral,neutral,neutral
1959,9,-0.53,0.2,neutral,lanina,lanina,lanina
1959,10,0.11,4.2,neutral,neutral,neutral,neutral
1959,11,-0.17,11.1,lanina,neutral,lanina,lanina
1959,12,-0.05,8.2,lanina,neutral,lanina,lanina
1960,1,0.02,0.3,neutral,neutral,neutral,neutral
1960,2,-0.24,-2.2,neutral,neutral,neutral,neutral
1960,3,-0.08,5.6,neutral,neutral,neutral,neutral
1960,4,0.01,7.8,lanina,neutral,lanina,lanina
1960,5,0.05,5.2,neutral,neutral,neutral,neutral
1960,6,-0.2,-2.3,neutral,neutral,neutral,neutral
1960,7,-0.25,4.8,neutral,neutral,neutral,neutral
1960,8,-0,6.6,neutral,neutral,neutral,neutral
1960,9,0.03,6.9,neutral,neutral,neutral,neutral
1960,10,-0.07,-0.7,neutral,neutral,neutral,neutral
1960,11,-0.38,7.2,lanina,neutral,lanina,lanina
1960,12,0.02,6.7,neutral,neutral,neutral,neutral
1961,1,-0.15,-2.5,neutral,neutral,neutral,neutral
1961,2,0.04,6.3,neutral,neutral,neutral,neutral
1961,3,-0.1,-20.9,elnino,neutral,elnino,elnino
1961,4,0.13,9.4,lanina,neutral,lanina,lanina
1961,5,-0.01,1.3,neutral,neutral,neutral,neutral
1961,6,0.1,-3.1,neutral,neutral,neutral,neutral
1961,7,-0.32,2.2,neutral,neutral,neutral,neutral
1961,8,-0.25,0.1,neutral,neutral,neutral,neutral
1961,9,-0.52,0.8,neutral,lanina,lanina,lanina
1961,10,-0.71,-5,neutral,lanina,lanina,lanina
1961,11,-0.19,7.2,lanina,neutral,lanina,lanina
1961,12,-0.29,13.8,lanina,neutral,lanina,lanina
1962,1,-0.25,17,lanina,neutral,lanina,lanina
1962,2,-0.16,5.3,neutral,neutral,neutral,neutral
1962,3,-0.41,-1.4,neutral,neutral,neutral,neutral
1962,4,-0.32,1.2,neutral,neutral,neutral,neutral
1962,5,-0.42,12.3,lanina,neutral,lanina,lanina
1962,6,-0.22,5,neutral,neutral,neutral,neutral
1962,7,-0.3,-0.4,neutral,neutral,neutral,neutral
1962,8,-0.13,4.6,neutral,neutral,neutral,neutral
1962,9,-0.56,5.1,neutral,lanina,lanina,lanina
1962,10,-0.33,10.3,lanina,neutral,lanina,lanina
1962,11,-0.43,5.2,neutral,neutral,neutral,neutral
1962,12,-0.49,0.6,neutral,neutral,neutral,neutral
1963,1,-0.32,9.4,lanina,neutral,lanina,lanina
1963,2,-0.26,3,neutral,neutral,neutral,neutral
1963,3,-0.06,7.3,lanina,neutral,lanina,lanina
1963,4,-0.06,6.1,neutral,neutral,neutral,neutral
1963,5,-0,2.8,neutral,neutral,neutral,neutral
1963,6,0.12,-9.6,elnino,neutral,elnino,elnino
1963,7,0.72,-1,neutral,elnino,elnino,elnino
1963,8,0.9,-2.4,neutral,elnino,elnino,elnino
1963,9,0.65,-5.2,neutral,elnino,elnino,elnino
1963,10,0.84,-12.9,elnino,elnino,elnino,elnino
1963,11,0.75,-9.3,elnino,elnino,elnino,elnino
1963,12,1.05,-11.6,elnino,elnino,elnino,elnino
1964,1,0.76,-4,neutral,elnino,elnino,elnino
1964,2,0.55,-0.3,neutral,elnino,elnino,elnino
1964,3,-0.16,8.4,lanina,neutral,lanina,lanina
1964,4,-0.53,13.5,lanina,lanina,lanina,lanina
1964,5,-0.74,2.8,neutral,lanina,lanina,lanina
1964,6,-0.88,7.4,lanina,lanina,lanina,lanina
1964,7,-0.65,6.8,neutral,lanina,lanina,lanina
1964,8,-0.76,14.3,lanina,lanina,lanina,lanina
1964,9,-0.93,14.1,lanina,lanina,lanina,lanina
1964,10,-1,12.8,lanina,lanina,lanina,lanina
1964,11,-1.1,2.6,neutral,lanina,lanina,lanina
1964,12,-1.07,-3,neutral,lanina,lanina,lanina
1965,1,-0.57,-4,neutral,lanina,lanina,lanina
1965,2,-0.36,1.6,neutral,neutral,neutral,neutral
1965,3,-0.34,2.9,neutral,neutral,neutral,neutral
1965,4,-0.09,-12.9,elnino,neutral,elnino,elnino
1965,5,0.19,-0.3,neutral,neutral,neutral,neutral
1965,6,0.45,-12.8,elnino,neutral,elnino,elnino
1965,7,0.81,-22.6,elnino,elnino,elnino,elnino
1965,8,1.25,-11.4,elnino,elnino,elnino,elnino
1965,9,1.26,-14.2,elnino,elnino,elnino,elnino
1965,10,1.61,-11.1,elnino,elnino,elnino,elnino
1965,11,1.54,-17.9,elnino,elnino,elnino,elnino
1965,12,1.45,1.6,neutral,elnino,elnino,elnino
1966,1,1.13,-12,elnino,elnino,elnino,elnino
1966,2,0.83,-4.1,neutral,elnino,elnino,elnino
1966,3,0.83,-13.9,elnino,elnino,elnino,elnino
1966,4,0.54,-7.1,elnino,elnino,elnino,elnino
1966,5,-0.06,-9,elnino,neutral,elnino,elnino
1966,6,0.14,1,neutral,neutral,neutral,neutral
1966,7,0.23,-1,neutral,neutral,neutral,neutral
1966,8,-0.1,4,neutral,neutral,neutral,neutral
1966,9,-0.05,-2.2,neutral,neutral,neutral,neutral
1966,10,-0.05,-2.5,neutral,neutral,neutral,neutral
1966,11,-0.37,-0.1,neutral,neutral,neutral,neutral
1966,12,-0.26,-4,neutral,neutral,neutral,neutral
1967,1,-0.55,14.6,lanina,lanina,lanina,lanina
1967,2,-0.56,12.9,lanina,lanina,lanina,lanina
1967,3,-0.47,7.8,lanina,neutral,lanina,lanina
1967,4,-0.53,-3,neutral,lanina,lanina,lanina
1967,5,-0.24,-3.5,neutral,neutral,neutral,neutral
1967,6,-0.12,6.6,neutral,neutral,neutral,neutral
1967,7,-0.1,1.6,neutral,neutral,neutral,neutral
1967,8,-0.31,5.9,neutral,neutral,neutral,neutral
1967,9,-0.59,5.1,neutral,lanina,lanina,lanina
1967,10,-0.38,-0.1,neutral,neutral,neutral,neutral
1967,11,-0.34,-4,neutral,neutral,neutral,neutral
1967,12,-0.35,-5.5,neutral,neutral,neutral,neutral
1968,1,-0.6,4.1,neutral,lanina,lanina,lanina
1968,2,-0.74,9.6,lanina,lanina,lanina,lanina
1968,3,-0.76,-3,neutral,lanina,lanina,lanina
1968,4,-0.47,-3,neutral,neutral,neutral,neutral
1968,5,-0.44,14.7,lanina,neutral,lanina,lanina
1968,6,0.19,12.3,lanina,neutral,lanina,lanina
1968,7,0.31,7.4,lanina,neutral,lanina,lanina
1968,8,0.33,0.1,neutral,neutral,neutral,neutral
1968,9,0.05,-2.8,neutral,neutral,neutral,neutral
1968,10,0.32,-1.9,neutral,neutral,neutral,neutral
1968,11,0.76,-3.4,neutral,elnino,elnino,elnino
1968,12,0.76,2.1,neutral,elnino,elnino,elnino
1969,1,0.9,-13.5,elnino,elnino,elnino,elnino
1969,2,1.02,-6.9,neutral,elnino,elnino,elnino
1969,3,0.61,1.8,neutral,elnino,elnino,elnino
1969,4,0.33,-8.8,elnino,neutral,elnino,elnino
1969,5,0.39,-6.6,neutral,neutral,neutral,neutral
1969,6,0.26,-0.6,neutral,neutral,neutral,neutral
1969,7,0.1,-6.9,neutral,neutral,neutral,neutral
1969,8,0.52,-4.4,neutral,elnino,elnino,elnino
1969,9,0.47,-10.6,elnino,neutral,elnino,elnino
1969,10,0.66,-11.7,elnino,elnino,elnino,elnino
1969,11,0.75,-0.1,neutral,elnino,elnino,elnino
1969,12,0.68,3.7,neutral,elnino,elnino,elnino
1970,1,0.55,-10.1,elnino,elnino,elnino,elnino
1970,2,0.36,-10.7,elnino,neutral,elnino,elnino
1970,3,0.26,1.8,neutral,neutral,neutral,neutral
1970,4,0.18,-4.6,neutral,neutral,neutral,neutral
1970,5,0.01,2.1,neutral,neutral,neutral,neutral
1970,6,-0.3,9.9,lanina,neutral,lanina,lanina
1970,7,-0.98,-5.6,neutral,lanina,lanina,lanina
1970,8,-0.95,4,neutral,lanina,lanina,lanina
1970,9,-0.78,12.9,lanina,lanina,lanina,lanina
1970,10,-0.65,10.3,lanina,lanina,lanina,lanina
1970,11,-0.85,19.7,lanina,lanina,lanina,lanina
1970,12,-1.11,17.4,lanina,lanina,lanina,lanina
1971,1,-1.47,2.7,neutral,lanina,lanina,lanina
1971,2,-1.28,15.7,lanina,lanina,lanina,lanina
1971,3,-1.29,19.2,lanina,lanina,lanina,lanina
1971,4,-0.97,22.6,lanina,lanina,lanina,lanina
1971,5,-0.82,9.2,lanina,lanina,lanina,lanina
1971,6,-0.78,2.6,neutral,lanina,lanina,lanina
1971,7,-0.64,1.6,neutral,lanina,lanina,lanina
1971,8,-0.65,14.9,lanina,lanina,lanina,lanina
1971,9,-0.75,15.9,lanina,lanina,lanina,lanina
1971,10,-0.78,17.7,lanina,lanina,lanina,lanina
1971,11,-0.85,7.2,lanina,lanina,lanina,lanina
1971,12,-0.89,2.1,neutral,lanina,lanina,lanina
1972,1,-0.58,3.7,neutral,lanina,lanina,lanina
1972,2,-0.22,8.2,lanina,neutral,lanina,lanina
1972,3,-0.25,2.4,neutral,neutral,neutral,neutral
1972,4,0.21,-5.5,neutral,neutral,neutral,neutral
1972,5,0.33,-16.1,elnino,neutral,elnino,elnino
1972,6,0.66,-12,elnino,elnino,elnino,elnino
1972,7,0.83,-18.6,elnino,elnino,elnino,elnino
1972,8,1.3,-8.9,elnino,elnino,elnino,elnino
1972,9,1.19,-14.8,elnino,elnino,elnino,elnino
1972,10,1.77,-11.1,elnino,elnino,elnino,elnino
1972,11,1.87,-3.4,neutral,elnino,elnino,elnino
1972,12,2.19,-12.1,elnino,elnino,elnino,elnino
1973,1,1.6,-3,neutral,elnino,elnino,elnino
1973,2,1.08,-13.5,elnino,elnino,elnino,elnino
1973,3,0.58,0.8,neutral,elnino,elnino,elnino
1973,4,-0.07,-2.1,neutral,neutral,neutral,neutral
1973,5,-0.56,2.8,neutral,lanina,lanina,lanina
1973,6,-0.86,12.3,lanina,lanina,lanina,lanina
1973,7,-1.14,6.1,neutral,lanina,lanina,lanina
1973,8,-1.21,12.3,lanina,lanina,lanina,lanina
1973,9,-1.4,13.5,lanina,lanina,lanina,lanina
1973,10,-1.58,9.7,lanina,lanina,lanina,lanina
1973,11,-2.07,31.6,lanina,lanina,lanina,lanina
1973,12,-2.18,16.9,lanina,lanina,lanina,lanina
1974,1,-2.02,20.8,lanina,lanina,lanina,lanina
1974,2,-1.5,16.2,lanina,lanina,lanina,lanina
1974,3,-1.44,20.3,lanina,lanina,lanina,lanina
1974,4,-1,11.1,lanina,lanina,lanina,lanina
1974,5,-0.79,10.7,lanina,lanina,lanina,lanina
1974,6,-0.7,2.6,neutral,lanina,lanina,lanina
1974,7,-0.65,12,lanina,lanina,lanina,lanina
1974,8,-0.32,6.6,neutral,neutral,neutral,neutral
1974,9,-0.35,12.3,lanina,neutral,lanina,lanina
1974,10,-0.75,8.5,lanina,lanina,lanina,lanina
1974,11,-0.96,-1.4,neutral,lanina,lanina,lanina
1974,12,-0.86,-0.9,neutral,lanina,lanina,lanina
1975,1,-0.37,-4.9,neutral,neutral,neutral,neutral
1975,2,-0.33,5.3,neutral,neutral,neutral,neutral
1975,3,-0.59,11.6,lanina,lanina,lanina,lanina
1975,4,-0.59,14.4,lanina,lanina,lanina,lanina
1975,5,-1,6,neutral,lanina,lanina,lanina
1975,6,-1.25,15.5,lanina,lanina,lanina,lanina
1975,7,-1.24,21.1,lanina,lanina,lanina,lanina
1975,8,-1.16,20.7,lanina,lanina,lanina,lanina
1975,9,-1.44,22.5,lanina,lanina,lanina,lanina
1975,10,-1.47,17.7,lanina,lanina,lanina,lanina
1975,11,-1.46,13.8,lanina,lanina,lanina,lanina
1975,12,-1.64,19.5,lanina,lanina,lanina,lanina
1976,1,-1.8,11.8,lanina,lanina,lanina,lanina
1976,2,-1.05,12.9,lanina,lanina,lanina,lanina
1976,3,-0.68,13.2,lanina,lanina,lanina,lanina
1976,4,-0.42,1.2,neutral,neutral,neutral,neutral
1976,5,-0.49,2.1,neutral,neutral,neutral,neutral
1976,6,0,0.2,neutral,neutral,neutral,neutral
1976,7,0.15,-12.8,elnino,neutral,elnino,elnino
1976,8,0.31,-12.1,elnino,neutral,elnino,elnino
1976,9,0.57,-13,elnino,elnino,elnino,elnino
1976,10,0.86,3,neutral,elnino,elnino,elnino
1976,11,0.88,9.8,lanina,elnino,disagree,disagree
1976,12,0.64,-3,neutral,elnino,elnino,elnino
1977,1,0.84,-4,neutral,elnino,elnino,elnino
1977,2,0.55,7.7,lanina,elnino,disagree,disagree
1977,3,0.4,-9.5,elnino,neutral,elnino,elnino
1977,4,-0.25,-9.6,elnino,neutral,elnino,elnino
1977,5,-0.03,-11.4,elnino,neutral,elnino,elnino
1977,6,0.36,-17.7,elnino,neutral,elnino,elnino
1977,7,0.45,-14.7,elnino,neutral,elnino,elnino
1977,8,0.25,-12.1,elnino,neutral,elnino,elnino
1977,9,0.44,-9.4,elnino,neutral,elnino,elnino
1977,10,0.89,-12.9,elnino,elnino,elnino,elnino
1977,11,1.03,-14.6,elnino,elnino,elnino,elnino
1977,12,1.09,-10.6,elnino,elnino,elnino,elnino
1978,1,0.72,-3,neutral,elnino,elnino,elnino
1978,2,0.51,-24.4,elnino,elnino,elnino,elnino
1978,3,0.06,-5.8,neutral,neutral,neutral,neutral
1978,4,-0.37,-7.9,elnino,neutral,elnino,elnino
1978,5,-0.49,16.3,lanina,neutral,lanina,lanina
1978,6,-0.45,5.8,neutral,neutral,neutral,neutral
1978,7,-0.48,6.1,neutral,neutral,neutral,neutral
1978,8,-0.62,1.4,neutral,lanina,lanina,lanina
1978,9,-0.6,0.8,neutral,lanina,lanina,lanina
1978,10,-0.34,-6.2,neutral,neutral,neutral,neutral
1978,11,-0.15,-2,neutral,neutral,neutral,neutral
1978,12,0.07,-0.9,neutral,neutral,neutral,neutral
1979,1,0.05,-4,neutral,neutral,neutral,neutral
1979,2,0.09,6.7,neutral,neutral,neutral,neutral
1979,3,0.13,-3,neutral,neutral,neutral,neutral
1979,4,0.17,-5.5,neutral,neutral,neutral,neutral
1979,5,-0.09,3.6,neutral,neutral,neutral,neutral
1979,6,0.04,5.8,neutral,neutral,neutral,neutral
1979,7,-0.2,-8.2,elnino,neutral,elnino,elnino
1979,8,0.21,-5,neutral,neutral,neutral,neutral
1979,9,0.48,1.4,neutral,neutral,neutral,neutral
1979,10,0.32,-2.5,neutral,neutral,neutral,neutral
1979,11,0.35,-4.7,neutral,neutral,neutral,neutral
1979,12,0.69,-7.5,elnino,elnino,elnino,elnino
1980,1,0.55,3.2,neutral,elnino,elnino,elnino
1980,2,0.33,1.1,neutral,neutral,neutral,neutral
1980,3,0.09,-8.5,elnino,neutral,elnino,elnino
1980,4,0.2,-12.9,elnino,neutral,elnino,elnino
1980,5,0.13,-3.5,neutral,neutral,neutral,neutral
1980,6,0.37,-4.7,neutral,neutral,neutral,neutral
1980,7,0.02,-1.7,neutral,neutral,neutral,neutral
1980,8,-0.23,1.4,neutral,neutral,neutral,neutral
1980,9,-0.12,-5.2,neutral,neutral,neutral,neutral
1980,10,-0.11,-1.9,neutral,neutral,neutral,neutral
1980,11,0.1,-3.4,neutral,neutral,neutral,neutral
1980,12,0.36,-0.9,neutral,neutral,neutral,neutral
1981,1,-0.45,2.7,neutral,neutral,neutral,neutral
1981,2,-0.45,-3.2,neutral,neutral,neutral,neutral
1981,3,-0.02,-16.6,elnino,neutral,elnino,elnino
1981,4,-0.17,-5.5,neutral,neutral,neutral,neutral
1981,5,-0.11,7.6,lanina,neutral,lanina,lanina
1981,6,-0.15,11.5,lanina,neutral,lanina,lanina
1981,7,-0.43,9.4,lanina,neutral,lanina,lanina
1981,8,-0.18,5.9,neutral,neutral,neutral,neutral
1981,9,-0.07,7.5,lanina,neutral,lanina,lanina
1981,10,-0.03,-5,neutral,neutral,neutral,neutral
1981,11,-0.27,2.6,neutral,neutral,neutral,neutral
1981,12,0.07,4.7,neutral,neutral,neutral,neutral
1982,1,-0.04,9.4,lanina,neutral,lanina,lanina
1982,2,-0.13,0.6,neutral,neutral,neutral,neutral
1982,3,-0.02,2.4,neutral,neutral,neutral,neutral
1982,4,0.24,-3.8,neutral,neutral,neutral,neutral
1982,5,0.65,-8.2,elnino,elnino,elnino,elnino
1982,6,0.92,-20.1,elnino,elnino,elnino,elnino
1982,7,0.64,-19.3,elnino,elnino,elnino,elnino
1982,8,0.93,-23.6,elnino,elnino,elnino,elnino
1982,9,1.39,-21.4,elnino,elnino,elnino,elnino
1982,10,2,-20.2,elnino,elnino,elnino,elnino
1982,11,2.07,-31.1,elnino,elnino,elnino,elnino
1982,12,2.33,-21.3,elnino,elnino,elnino,elnino
1983,1,2.43,-30.6,elnino,elnino,elnino,elnino
1983,2,2.22,-33.3,elnino,elnino,elnino,elnino
1983,3,1.69,-28,elnino,elnino,elnino,elnino
1983,4,1.12,-17,elnino,elnino,elnino,elnino
1983,5,1.12,6,neutral,elnino,elnino,elnino
1983,6,0.62,-3.1,neutral,elnino,elnino,elnino
1983,7,-0.11,-7.6,elnino,neutral,elnino,elnino
1983,8,-0.13,0.1,neutral,neutral,neutral,neutral
1983,9,-0.5,9.9,lanina,lanina,lanina,lanina
1983,10,-1.03,4.2,neutral,lanina,lanina,lanina
1983,11,-1.13,-0.7,neutral,lanina,lanina,lanina
1983,12,-0.95,0.1,neutral,lanina,lanina,lanina
1984,1,-0.8,1.3,neutral,lanina,lanina,lanina
1984,2,-0.53,5.8,neutral,lanina,lanina,lanina
1984,3,-0.48,-5.8,neutral,neutral,neutral,neutral
1984,4,-0.6,2,neutral,lanina,lanina,lanina
1984,5,-0.64,-0.3,neutral,lanina,lanina,lanina
1984,6,-0.9,-8.7,elnino,lanina,disagree,disagree
1984,7,-0.4,2.2,neutral,neutral,neutral,neutral
1984,8,-0.4,2.7,neutral,neutral,neutral,neutral
1984,9,-0.35,2,neutral,neutral,neutral,neutral
1984,10,-0.83,-5,neutral,lanina,lanina,lanina
1984,11,-1.18,3.9,neutral,lanina,lanina,lanina
1984,12,-1.53,-1.4,neutral,lanina,lanina,lanina
1985,1,-0.89,-3.5,neutral,lanina,lanina,lanina
1985,2,-0.91,6.7,neutral,lanina,lanina,lanina
1985,3,-0.96,-2,neutral,lanina,lanina,lanina
1985,4,-0.98,14.4,lanina,lanina,lanina,lanina
1985,5,-0.9,2.8,neutral,lanina,lanina,lanina
1985,6,-0.76,-9.6,elnino,lanina,disagree,disagree
1985,7,-0.61,-2.3,neutral,lanina,lanina,lanina
1985,8,-0.49,8.5,lanina,neutral,lanina,lanina
1985,9,-0.57,0.2,neutral,lanina,lanina,lanina
1985,10,-0.64,-5.6,neutral,lanina,lanina,lanina
1985,11,-0.43,-1.4,neutral,neutral,neutral,neutral
1985,12,-0.4,2.1,neutral,neutral,neutral,neutral
1986,1,-0.79,8,lanina,lanina,lanina,lanina
1986,2,-0.64,-10.7,elnino,lanina,disagree,disagree
1986,3,-0.51,0.8,neutral,lanina,lanina,lanina
1986,4,-0.41,1.2,neutral,neutral,neutral,neutral
1986,5,-0.47,-6.6,neutral,neutral,neutral,neutral
1986,6,-0.08,10.7,lanina,neutral,lanina,lanina
1986,7,0.16,2.2,neutral,neutral,neutral,neutral
1986,8,0.24,-7.6,elnino,neutral,elnino,elnino
1986,9,0.59,-5.2,neutral,elnino,elnino,elnino
1986,10,0.9,6.1,neutral,elnino,elnino,elnino
1986,11,1.04,-13.9,elnino,elnino,elnino,elnino
1986,12,0.98,-13.6,elnino,elnino,elnino,elnino
1987,1,1.19,-6.3,neutral,elnino,elnino,elnino
1987,2,1.17,-12.6,elnino,elnino,elnino,elnino
1987,3,1.24,-16.6,elnino,elnino,elnino,elnino
1987,4,0.89,-24.4,elnino,elnino,elnino,elnino
1987,5,0.91,-21.6,elnino,elnino,elnino,elnino
1987,6,1.24,-20.1,elnino,elnino,elnino,elnino
1987,7,1.34,-18.6,elnino,elnino,elnino,elnino
1987,8,1.48,-14,elnino,elnino,elnino,elnino
1987,9,1.53,-11.2,elnino,elnino,elnino,elnino
1987,10,1.36,-5.6,neutral,elnino,elnino,elnino
1987,11,1.29,-1.4,neutral,elnino,elnino,elnino
1987,12,1.05,-4.5,neutral,elnino,elnino,elnino
1988,1,0.69,-1.1,neutral,elnino,elnino,elnino
1988,2,0.35,-5,neutral,neutral,neutral,neutral
1988,3,0.29,2.4,neutral,neutral,neutral,neutral
1988,4,-0.49,-1.3,neutral,neutral,neutral,neutral
1988,5,-1.05,10,lanina,lanina,lanina,lanina
1988,6,-1.46,-3.9,neutral,lanina,lanina,lanina
1988,7,-1.54,11.3,lanina,lanina,lanina,lanina
1988,8,-1.44,14.9,lanina,lanina,lanina,lanina
1988,9,-1.33,20.1,lanina,lanina,lanina,lanina
1988,10,-2.09,14.6,lanina,lanina,lanina,lanina
1988,11,-2.18,21,lanina,lanina,lanina,lanina
1988,12,-1.98,10.8,lanina,lanina,lanina,lanina
1989,1,-1.95,13.2,lanina,lanina,lanina,lanina
1989,2,-1.37,9.1,lanina,lanina,lanina,lanina
1989,3,-1.33,6.7,neutral,lanina,lanina,lanina
1989,4,-1.11,21,lanina,lanina,lanina,lanina
1989,5,-0.8,14.7,lanina,lanina,lanina,lanina
1989,6,-0.64,7.4,lanina,lanina,lanina,lanina
1989,7,-0.47,9.4,lanina,neutral,lanina,lanina
1989,8,-0.58,-6.3,neutral,lanina,lanina,lanina
1989,9,-0.38,5.7,neutral,neutral,neutral,neutral
1989,10,-0.4,7.3,lanina,neutral,lanina,lanina
1989,11,-0.3,-2,neutral,neutral,neutral,neutral
1989,12,-0.13,-5,neutral,neutral,neutral,neutral
1990,1,0.02,-1.1,neutral,neutral,neutral,neutral
1990,2,0.36,-17.3,elnino,neutral,elnino,elnino
1990,3,0.2,-8.5,elnino,neutral,elnino,elnino
1990,4,0.26,-0.5,neutral,neutral,neutral,neutral
1990,5,0.32,13.1,lanina,neutral,lanina,lanina
1990,6,0,1,neutral,neutral,neutral,neutral
1990,7,0.15,5.5,neutral,neutral,neutral,neutral
1990,8,0.17,-5,neutral,neutral,neutral,neutral
1990,9,0.12,-7.6,elnino,neutral,elnino,elnino
1990,10,0.13,1.8,neutral,neutral,neutral,neutral
1990,11,0.08,-5.3,neutral,neutral,neutral,neutral
1990,12,0.32,-2.4,neutral,neutral,neutral,neutral
1991,1,0.51,5.1,neutral,elnino,elnino,elnino
1991,2,0.32,0.6,neutral,neutral,neutral,neutral
1991,3,0.1,-10.6,elnino,neutral,elnino,elnino
1991,4,0.21,-12.9,elnino,neutral,elnino,elnino
1991,5,0.44,-19.3,elnino,neutral,elnino,elnino
1991,6,0.65,-5.5,neutral,elnino,elnino,elnino
1991,7,0.62,-1.7,neutral,elnino,elnino,elnino
1991,8,0.43,-7.6,elnino,neutral,elnino,elnino
1991,9,0.22,-16.6,elnino,neutral,elnino,elnino
1991,10,0.91,-12.9,elnino,elnino,elnino,elnino
1991,11,1.14,-7.3,elnino,elnino,elnino,elnino
1991,12,1.62,-16.7,elnino,elnino,elnino,elnino
1992,1,1.61,-25.4,elnino,elnino,elnino,elnino
1992,2,1.62,-9.3,elnino,elnino,elnino,elnino
1992,3,1.5,-24.2,elnino,elnino,elnino,elnino
1992,4,1.41,-18.7,elnino,elnino,elnino,elnino
1992,5,1.27,0.5,neutral,elnino,elnino,elnino
1992,6,0.53,-12.8,elnino,elnino,elnino,elnino
1992,7,0.27,-6.9,neutral,neutral,neutral,neutral
1992,8,-0.15,1.4,neutral,neutral,neutral,neutral
1992,9,-0.14,0.8,neutral,neutral,neutral,neutral
1992,10,-0.35,-17.2,elnino,neutral,elnino,elnino
1992,11,-0.14,-7.3,elnino,neutral,elnino,elnino
1992,12,0.04,-5.5,neutral,neutral,neutral,neutral
1993,1,0.28,-8.2,elnino,neutral,elnino,elnino
1993,2,0.42,-7.9,elnino,neutral,elnino,elnino
1993,3,0.47,-8.5,elnino,neutral,elnino,elnino
1993,4,0.92,-21.1,elnino,elnino,elnino,elnino
1993,5,0.93,-8.2,elnino,elnino,elnino,elnino
1993,6,0.64,-16,elnino,elnino,elnino,elnino
1993,7,0.33,-10.8,elnino,neutral,elnino,elnino
1993,8,0.16,-14,elnino,neutral,elnino,elnino
1993,9,0.26,-7.6,elnino,neutral,elnino,elnino
1993,10,0.36,-13.5,elnino,neutral,elnino,elnino
1993,11,0.28,0.6,neutral,neutral,neutral,neutral
1993,12,0.19,1.6,neutral,neutral,neutral,neutral
1994,1,0.03,-1.6,neutral,neutral,neutral,neutral
1994,2,-0.16,0.6,neutral,neutral,neutral,neutral
1994,3,-0.06,-10.6,elnino,neutral,elnino,elnino
1994,4,0.03,-22.8,elnino,neutral,elnino,elnino
1994,5,0.14,-13,elnino,neutral,elnino,elnino
1994,6,0.27,-10.4,elnino,neutral,elnino,elnino
1994,7,0.16,-18,elnino,neutral,elnino,elnino
1994,8,0.52,-17.2,elnino,elnino,elnino,elnino
1994,9,0.4,-17.2,elnino,neutral,elnino,elnino
1994,10,0.9,-14.1,elnino,elnino,elnino,elnino
1994,11,1.14,-7.3,elnino,elnino,elnino,elnino
1994,12,1.21,-11.6,elnino,elnino,elnino,elnino
1995,1,1.1,-4,neutral,elnino,elnino,elnino
1995,2,0.87,-2.7,neutral,elnino,elnino,elnino
1995,3,0.49,3.5,neutral,neutral,neutral,neutral
1995,4,0.27,-16.2,elnino,neutral,elnino,elnino
1995,5,0.03,-9,elnino,neutral,elnino,elnino
1995,6,0.08,-1.5,neutral,neutral,neutral,neutral
1995,7,0.03,4.2,neutral,neutral,neutral,neutral
1995,8,-0.38,0.8,neutral,neutral,neutral,neutral
1995,9,-0.57,3.2,neutral,lanina,lanina,lanina
1995,10,-0.72,-1.3,neutral,lanina,lanina,lanina
1995,11,-0.78,1.3,neutral,lanina,lanina,lanina
1995,12,-0.72,-5.5,neutral,lanina,lanina,lanina
1996,1,-0.65,8.4,lanina,lanina,lanina,lanina
1996,2,-0.66,1.1,neutral,lanina,lanina,lanina
1996,3,-0.48,6.2,neutral,neutral,neutral,neutral
1996,4,-0.34,7.8,lanina,neutral,lanina,lanina
1996,5,-0.4,1.3,neutral,neutral,neutral,neutral
1996,6,-0.12,13.9,lanina,neutral,lanina,lanina
1996,7,-0.14,6.8,neutral,neutral,neutral,neutral
1996,8,-0.3,4.6,neutral,neutral,neutral,neutral
1996,9,-0.34,6.9,neutral,neutral,neutral,neutral
1996,10,-0.28,4.2,neutral,neutral,neutral,neutral
1996,11,-0.3,-0.1,neutral,neutral,neutral,neutral
1996,12,-0.43,7.2,lanina,neutral,lanina,lanina
1997,1,-0.43,4.1,neutral,neutral,neutral,neutral
1997,2,-0.24,13.3,lanina,neutral,lanina,lanina
1997,3,-0.06,-8.5,elnino,neutral,elnino,elnino
1997,4,0.34,-16.2,elnino,neutral,elnino,elnino
1997,5,0.87,-22.4,elnino,elnino,elnino,elnino
1997,6,1.15,-24.1,elnino,elnino,elnino,elnino
1997,7,1.6,-9.5,elnino,elnino,elnino,elnino
1997,8,1.94,-19.8,elnino,elnino,elnino,elnino
1997,9,2.1,-14.8,elnino,elnino,elnino,elnino
1997,10,2.29,-17.8,elnino,elnino,elnino,elnino
1997,11,2.42,-15.2,elnino,elnino,elnino,elnino
1997,12,2.3,-9.1,elnino,elnino,elnino,elnino
1998,1,2.42,-23.5,elnino,elnino,elnino,elnino
1998,2,2.08,-19.2,elnino,elnino,elnino,elnino
1998,3,1.49,-28.5,elnino,elnino,elnino,elnino
1998,4,0.9,-24.4,elnino,elnino,elnino,elnino
1998,5,0.68,0.5,neutral,elnino,elnino,elnino
1998,6,-0.39,9.9,lanina,neutral,lanina,lanina
1998,7,-0.73,14.6,lanina,lanina,lanina,lanina
1998,8,-0.83,9.8,lanina,lanina,lanina,lanina
1998,9,-0.82,11.1,lanina,lanina,lanina,lanina
1998,10,-1.19,10.9,lanina,lanina,lanina,lanina
1998,11,-1.23,12.5,lanina,lanina,lanina,lanina
1998,12,-1.51,13.3,lanina,lanina,lanina,lanina
1999,1,-1.53,15.6,lanina,lanina,lanina,lanina
1999,2,-1.41,8.6,lanina,lanina,lanina,lanina
1999,3,-0.92,8.9,lanina,lanina,lanina,lanina
1999,4,-0.81,18.5,lanina,lanina,lanina,lanina
1999,5,-0.87,1.3,neutral,lanina,lanina,lanina
1999,6,-0.95,1,neutral,lanina,lanina,lanina
1999,7,-0.84,4.8,neutral,lanina,lanina,lanina
1999,8,-0.98,2.1,neutral,lanina,lanina,lanina
1999,9,-0.84,-0.4,neutral,lanina,lanina,lanina
1999,10,-1.03,9.1,lanina,lanina,lanina,lanina
1999,11,-1.41,13.1,lanina,lanina,lanina,lanina
1999,12,-1.54,12.8,lanina,lanina,lanina,lanina
2000,1,-1.79,5.1,neutral,lanina,lanina,lanina
2000,2,-1.53,12.9,lanina,lanina,lanina,lanina
2000,3,-1.26,9.4,lanina,lanina,lanina,lanina
2000,4,-0.8,16.8,lanina,lanina,lanina,lanina
2000,5,-0.8,3.6,neutral,lanina,lanina,lanina
2000,6,-0.75,-5.5,neutral,lanina,lanina,lanina
2000,7,-0.57,-3.7,neutral,lanina,lanina,lanina
2000,8,-0.36,5.3,neutral,neutral,neutral,neutral
2000,9,-0.39,9.9,lanina,neutral,lanina,lanina
2000,10,-0.55,9.7,lanina,lanina,lanina,lanina
2000,11,-0.75,22.4,lanina,lanina,lanina,lanina
2000,12,-0.92,7.7,lanina,lanina,lanina,lanina
2001,1,-0.88,8.4,lanina,lanina,lanina,lanina
2001,2,-0.63,11.9,lanina,lanina,lanina,lanina
2001,3,-0.48,6.7,neutral,neutral,neutral,neutral
2001,4,-0.3,0.3,neutral,neutral,neutral,neutral
2001,5,-0.3,-9,elnino,neutral,elnino,elnino
2001,6,-0.11,1.8,neutral,neutral,neutral,neutral
2001,7,0.01,-3.7,neutral,neutral,neutral,neutral
2001,8,-0.07,-8.2,elnino,neutral,elnino,elnino
2001,9,-0.28,1.4,neutral,neutral,neutral,neutral
2001,10,-0.26,-1.9,neutral,neutral,neutral,neutral
2001,11,-0.28,7.2,lanina,neutral,lanina,lanina
2001,12,-0.46,-9.1,elnino,neutral,elnino,elnino
2002,1,-0.14,2.7,neutral,neutral,neutral,neutral
2002,2,0,7.7,lanina,neutral,lanina,lanina
2002,3,0.11,-5.2,neutral,neutral,neutral,neutral
2002,4,0.14,-3.8,neutral,neutral,neutral,neutral
2002,5,0.21,-14.5,elnino,neutral,elnino,elnino
2002,6,0.68,-6.3,neutral,elnino,elnino,elnino
2002,7,0.57,-7.6,elnino,elnino,elnino,elnino
2002,8,0.7,-14.6,elnino,elnino,elnino,elnino
2002,9,0.82,-8.2,elnino,elnino,elnino,elnino
2002,10,1.16,-7.4,elnino,elnino,elnino,elnino
2002,11,1.41,-6,neutral,elnino,elnino,elnino
2002,12,1.41,-10.6,elnino,elnino,elnino,elnino
2003,1,0.98,-2,neutral,elnino,elnino,elnino
2003,2,0.64,-7.4,elnino,elnino,elnino,elnino
2003,3,0.48,-6.8,neutral,neutral,neutral,neutral
2003,4,-0.03,-5.5,neutral,neutral,neutral,neutral
2003,5,-0.52,-7.4,elnino,lanina,disagree,disagree
2003,6,-0.19,-12,elnino,neutral,elnino,elnino
2003,7,0.14,2.9,neutral,neutral,neutral,neutral
2003,8,0.05,-1.8,neutral,neutral,neutral,neutral
2003,9,0.15,-2.2,neutral,neutral,neutral,neutral
2003,10,0.46,-1.9,neutral,neutral,neutral,neutral
2003,11,0.39,-3.4,neutral,neutral,neutral,neutral
2003,12,0.32,9.3,lanina,neutral,lanina,lanina
2004,1,0.26,-11.6,elnino,neutral,elnino,elnino
2004,2,0.17,9.1,lanina,neutral,lanina,lanina
2004,3,-0.1,0.2,neutral,neutral,neutral,neutral
2004,4,0.06,-15.4,elnino,neutral,elnino,elnino
2004,5,0.1,13.1,lanina,neutral,lanina,lanina
2004,6,0.14,-15.2,elnino,neutral,elnino,elnino
2004,7,0.41,-6.9,neutral,neutral,neutral,neutral
2004,8,0.66,-7.6,elnino,elnino,elnino,elnino
2004,9,0.67,-2.8,neutral,elnino,elnino,elnino
2004,10,0.73,-3.7,neutral,elnino,elnino,elnino
2004,11,0.62,-8.6,elnino,elnino,elnino,elnino
2004,12,0.71,-8,elnino,elnino,elnino,elnino
2005,1,0.56,1.8,neutral,elnino,elnino,elnino
2005,2,0.26,-28.6,elnino,neutral,elnino,elnino
2005,3,0.28,0.2,neutral,neutral,neutral,neutral
2005,4,0.28,-11.2,elnino,neutral,elnino,elnino
2005,5,0.3,-14.5,elnino,neutral,elnino,elnino
2005,6,0.22,2.6,neutral,neutral,neutral,neutral
2005,7,-0.01,0.9,neutral,neutral,neutral,neutral
2005,8,-0.04,-6.9,neutral,neutral,neutral,neutral
2005,9,-0.08,3.9,neutral,neutral,neutral,neutral
2005,10,-0.15,10.9,lanina,neutral,lanina,lanina
2005,11,-0.44,-2,neutral,neutral,neutral,neutral
2005,12,-0.75,0.1,neutral,lanina,lanina,lanina
2006,1,-0.98,12.7,lanina,lanina,lanina,lanina
2006,2,-0.71,0.1,neutral,lanina,lanina,lanina
2006,3,-0.73,13.8,lanina,lanina,lanina,lanina
2006,4,-0.3,14.4,lanina,neutral,lanina,lanina
2006,5,-0.11,-9.8,elnino,neutral,elnino,elnino
2006,6,0.09,-6.3,neutral,neutral,neutral,neutral
2006,7,0.03,-7.6,elnino,neutral,elnino,elnino
2006,8,0.37,-15.9,elnino,neutral,elnino,elnino
2006,9,0.63,-5.8,neutral,elnino,elnino,elnino
2006,10,0.76,-16,elnino,elnino,elnino,elnino
2006,11,0.98,-1.4,neutral,elnino,elnino,elnino
2006,12,1.1,-3.5,neutral,elnino,elnino,elnino
2007,1,0.59,-7.8,elnino,elnino,elnino,elnino
2007,2,0.12,-2.7,neutral,neutral,neutral,neutral
2007,3,-0.15,-1.4,neutral,neutral,neutral,neutral
2007,4,-0.16,-3,neutral,neutral,neutral,neutral
2007,5,-0.39,-2.7,neutral,neutral,neutral,neutral
2007,6,-0.16,5,neutral,neutral,neutral,neutral
2007,7,-0.37,-5,neutral,neutral,neutral,neutral
2007,8,-0.57,2.7,neutral,lanina,lanina,lanina
2007,9,-1.04,1.4,neutral,lanina,lanina,lanina
2007,10,-1.4,5.4,neutral,lanina,lanina,lanina
2007,11,-1.58,9.2,lanina,lanina,lanina,lanina
2007,12,-1.61,14.4,lanina,lanina,lanina,lanina
2008,1,-1.79,14.1,lanina,lanina,lanina,lanina
2008,2,-1.7,21.3,lanina,lanina,lanina,lanina
2008,3,-1.17,12.2,lanina,lanina,lanina,lanina
2008,4,-0.89,4.5,neutral,lanina,lanina,lanina
2008,5,-0.64,-3.5,neutral,lanina,lanina,lanina
2008,6,-0.44,4.2,neutral,neutral,neutral,neutral
2008,7,-0.04,2.2,neutral,neutral,neutral,neutral
2008,8,-0.04,9.1,lanina,neutral,lanina,lanina
2008,9,-0.28,13.5,lanina,neutral,lanina,lanina
2008,10,-0.3,13.4,lanina,neutral,lanina,lanina
2008,11,-0.37,17.1,lanina,neutral,lanina,lanina
2008,12,-0.9,13.3,lanina,lanina,lanina,lanina
2009,1,-1,9.4,lanina,lanina,lanina,lanina
2009,2,-0.71,14.8,lanina,lanina,lanina,lanina
2009,3,-0.72,0.2,neutral,lanina,lanina,lanina
2009,4,-0.25,8.6,lanina,neutral,lanina,lanina
2009,5,0.17,-7.4,elnino,neutral,elnino,elnino
2009,6,0.49,-2.3,neutral,neutral,neutral,neutral
2009,7,0.69,1.6,neutral,elnino,elnino,elnino
2009,8,0.62,-5,neutral,elnino,elnino,elnino
2009,9,0.68,3.9,neutral,elnino,elnino,elnino
2009,10,0.96,-14.7,elnino,elnino,elnino,elnino
2009,11,1.49,-6,neutral,elnino,elnino,elnino
2009,12,1.81,-7,elnino,elnino,elnino,elnino
2010,1,1.43,-10.1,elnino,elnino,elnino,elnino
2010,2,1.18,-14.5,elnino,elnino,elnino,elnino
2010,3,1.07,-10.6,elnino,elnino,elnino,elnino
2010,4,0.56,15.2,lanina,elnino,disagree,disagree
2010,5,-0.15,10,lanina,neutral,lanina,lanina
2010,6,-0.62,1.8,neutral,lanina,lanina,lanina
2010,7,-0.89,20.5,lanina,lanina,lanina,lanina
2010,8,-1.33,18.8,lanina,lanina,lanina,lanina
2010,9,-1.56,24.9,lanina,lanina,lanina,lanina
2010,10,-1.65,18.3,lanina,lanina,lanina,lanina
2010,11,-1.57,16.4,lanina,lanina,lanina,lanina
2010,12,-1.63,27.1,lanina,lanina,lanina,lanina
2011,1,-1.7,19.9,lanina,lanina,lanina,lanina
2011,2,-1.26,22.3,lanina,lanina,lanina,lanina
2011,3,-0.98,21.4,lanina,lanina,lanina,lanina
2011,4,-0.74,25.1,lanina,lanina,lanina,lanina
2011,5,-0.53,2.1,neutral,lanina,lanina,lanina
2011,6,-0.25,0.2,neutral,neutral,neutral,neutral
2011,7,-0.23,10.7,lanina,neutral,lanina,lanina
2011,8,-0.66,2.1,neutral,lanina,lanina,lanina
2011,9,-0.76,11.7,lanina,lanina,lanina,lanina
2011,10,-0.93,7.3,lanina,lanina,lanina,lanina
2011,11,-1.09,13.8,lanina,lanina,lanina,lanina
2011,12,-1.05,23,lanina,lanina,lanina,lanina
2012,1,-0.93,9.4,lanina,lanina,lanina,lanina
2012,2,-0.61,2.5,neutral,lanina,lanina,lanina
2012,3,-0.48,2.9,neutral,neutral,neutral,neutral
2012,4,-0.29,-7.1,elnino,neutral,elnino,elnino
2012,5,-0.18,-2.7,neutral,neutral,neutral,neutral
2012,6,0.14,-10.4,elnino,neutral,elnino,elnino
2012,7,0.44,-1.7,neutral,neutral,neutral,neutral
2012,8,0.66,-5,neutral,elnino,elnino,elnino
2012,9,0.44,2.6,neutral,neutral,neutral,neutral
2012,10,0.23,2.4,neutral,neutral,neutral,neutral
2012,11,0.33,3.9,neutral,neutral,neutral,neutral
2012,12,-0.13,-6,neutral,neutral,neutral,neutral
2013,1,-0.42,-1.1,neutral,neutral,neutral,neutral
2013,2,-0.4,-3.6,neutral,neutral,neutral,neutral
2013,3,-0.14,10.5,lanina,neutral,lanina,lanina
2013,4,-0.08,0.3,neutral,neutral,neutral,neutral
2013,5,-0.28,8.4,lanina,neutral,lanina,lanina
2013,6,-0.33,13.9,lanina,neutral,lanina,lanina
2013,7,-0.28,8.1,lanina,neutral,lanina,lanina
2013,8,-0.29,-0.5,neutral,neutral,neutral,neutral
2013,9,-0.09,3.9,neutral,neutral,neutral,neutral
2013,10,-0.24,-1.9,neutral,neutral,neutral,neutral
2013,11,-0.02,9.2,lanina,neutral,lanina,lanina
2013,12,-0.09,0.6,neutral,neutral,neutral,neutral
2014,1,-0.42,12.2,lanina,neutral,lanina,lanina
2014,2,-0.45,-1.3,neutral,neutral,neutral,neutral
2014,3,-0.07,-13.3,elnino,neutral,elnino,elnino
2014,4,0.28,8.6,lanina,neutral,lanina,lanina
2014,5,0.45,4.4,neutral,neutral,neutral,neutral
2014,6,0.48,-1.5,neutral,neutral,neutral,neutral
2014,7,0.13,-3,neutral,neutral,neutral,neutral
2014,8,0.14,-11.4,elnino,neutral,elnino,elnino
2014,9,0.37,-7.6,elnino,neutral,elnino,elnino
2014,10,0.48,-8,elnino,neutral,elnino,elnino
2014,11,0.89,-10,elnino,elnino,elnino,elnino
2014,12,0.77,-5.5,neutral,elnino,elnino,elnino
2015,1,0.59,-7.8,elnino,elnino,elnino,elnino
2015,2,0.57,0.6,neutral,elnino,elnino,elnino
2015,3,0.48,-11.2,elnino,neutral,elnino,elnino
2015,4,0.9,-3.8,neutral,elnino,elnino,elnino
2015,5,1.04,-13.7,elnino,elnino,elnino,elnino
2015,6,1.28,-12,elnino,elnino,elnino,elnino
2015,7,1.56,-14.7,elnino,elnino,elnino,elnino
2015,8,1.87,-19.8,elnino,elnino,elnino,elnino
2015,9,2.01,-17.8,elnino,elnino,elnino,elnino
2015,10,2.21,-20.2,elnino,elnino,elnino,elnino
2015,11,2.57,-5.3,neutral,elnino,elnino,elnino
2015,12,2.56,-9.1,elnino,elnino,elnino,elnino
2016,1,2.56,-19.7,elnino,elnino,elnino,elnino
2016,2,2.11,-19.7,elnino,elnino,elnino,elnino
2016,3,1.6,-4.7,neutral,elnino,elnino,elnino
2016,4,1.05,-22,elnino,elnino,elnino,elnino
2016,5,0.45,2.8,neutral,neutral,neutral,neutral
2016,6,0.06,5.8,neutral,neutral,neutral,neutral
2016,7,-0.25,4.2,neutral,neutral,neutral,neutral
2016,8,-0.48,5.3,neutral,neutral,neutral,neutral
2016,9,-0.46,13.5,lanina,neutral,lanina,lanina
2016,10,-0.75,-4.3,neutral,lanina,lanina,lanina
2016,11,-0.63,-0.7,neutral,lanina,lanina,lanina
2016,12,-0.51,2.6,neutral,lanina,lanina,lanina
2017,1,-0.34,1.3,neutral,neutral,neutral,neutral
2017,2,-0.01,-2.2,neutral,neutral,neutral,neutral
2017,3,-0.09,5.1,neutral,neutral,neutral,neutral
2017,4,0.22,-6.3,neutral,neutral,neutral,neutral
2017,5,0.3,0.5,neutral,neutral,neutral,neutral
2017,6,0.22,-10.4,elnino,neutral,elnino,elnino
2017,7,0.22,8.1,lanina,neutral,lanina,lanina
2017,8,-0.18,3.3,neutral,neutral,neutral,neutral
2017,9,-0.56,6.9,neutral,lanina,lanina,lanina
2017,10,-0.52,9.1,lanina,lanina,lanina,lanina
2017,11,-0.84,11.8,lanina,lanina,lanina,lanina
2017,12,-0.85,-1.4,neutral,lanina,lanina,lanina
2018,1,-0.86,8.9,lanina,lanina,lanina,lanina
2018,2,-0.73,-6,neutral,lanina,lanina,lanina
2018,3,-0.73,10.5,lanina,lanina,lanina,lanina
2018,4,-0.36,4.5,neutral,neutral,neutral,neutral
2018,5,-0.12,2.1,neutral,neutral,neutral,neutral
2018,6,0.12,-5.5,neutral,neutral,neutral,neutral
2018,7,0.27,1.6,neutral,neutral,neutral,neutral
2018,8,0.05,-6.9,neutral,neutral,neutral,neutral
2018,9,0.3,-10,elnino,neutral,elnino,elnino
2018,10,0.84,3,neutral,elnino,elnino,elnino
2018,11,1,-0.1,neutral,elnino,elnino,elnino
2018,12,0.97,9.3,lanina,elnino,disagree,disagree
2019,1,0.51,-0.6,neutral,elnino,elnino,elnino
2019,2,0.62,-13.5,elnino,elnino,elnino,elnino
2019,3,0.81,-6.8,neutral,elnino,elnino,elnino
2019,4,0.67,-1.3,neutral,elnino,elnino,elnino
2019,5,0.61,-9,elnino,elnino,elnino,elnino
2019,6,0.66,-10.4,elnino,elnino,elnino,elnino
2019,7,0.41,-5.6,neutral,neutral,neutral,neutral
2019,8,0.19,-4.4,neutral,neutral,neutral,neutral
2019,9,0.11,-12.4,elnino,neutral,elnino,elnino
2019,10,0.55,-5.6,neutral,elnino,elnino,elnino
2019,11,0.74,-9.3,elnino,elnino,elnino,elnino
2019,12,0.51,-5.5,neutral,elnino,elnino,elnino
2020,1,0.64,1.3,neutral,elnino,elnino,elnino
2020,2,0.48,-2.2,neutral,neutral,neutral,neutral
2020,3,0.36,-5.2,neutral,neutral,neutral,neutral
2020,4,0.49,-0.5,neutral,neutral,neutral,neutral
2020,5,-0.12,2.8,neutral,neutral,neutral,neutral
2020,6,-0.21,-9.6,elnino,neutral,elnino,elnino
2020,7,-0.04,4.2,neutral,neutral,neutral,neutral
2020,8,-0.42,9.8,lanina,neutral,lanina,lanina
2020,9,-0.66,10.5,lanina,lanina,lanina,lanina
2020,10,-1.19,4.2,neutral,lanina,lanina,lanina
2020,11,-1.01,9.2,lanina,lanina,lanina,lanina
2020,12,-0.98,16.9,lanina,lanina,lanina,lanina
2021,1,-1.04,16.5,lanina,lanina,lanina,lanina
2021,2,-0.94,11.5,lanina,lanina,lanina,lanina
2021,3,-0.72,-0.3,neutral,lanina,lanina,lanina
2021,4,-0.55,2,neutral,lanina,lanina,lanina
2021,5,-0.41,3.6,neutral,neutral,neutral,neutral
2021,6,-0.06,2.6,neutral,neutral,neutral,neutral
2021,7,-0.2,15.9,lanina,neutral,lanina,lanina
2021,8,-0.38,4.6,neutral,neutral,neutral,neutral
2021,9,-0.5,9.3,lanina,lanina,lanina,lanina
2021,10,-0.78,6.7,neutral,lanina,lanina,lanina
2021,11,-0.88,12.5,lanina,lanina,lanina,lanina
2021,12,-1.07,13.8,lanina,lanina,lanina,lanina
2022,1,-0.77,4.1,neutral,lanina,lanina,lanina
2022,2,-0.68,8.2,lanina,lanina,lanina,lanina
2022,3,-0.84,13.8,lanina,lanina,lanina,lanina
2022,4,-0.9,22.6,lanina,lanina,lanina,lanina
2022,5,-1.02,17.1,lanina,lanina,lanina,lanina
2022,6,-0.77,21.2,lanina,lanina,lanina,lanina
2022,7,-0.56,8.7,lanina,lanina,lanina,lanina
2022,8,-0.96,9.1,lanina,lanina,lanina,lanina
2022,9,-1.06,18.3,lanina,lanina,lanina,lanina
2022,10,-0.99,17.7,lanina,lanina,lanina,lanina
2022,11,-0.76,4.6,neutral,lanina,lanina,lanina
2022,12,-0.86,20,lanina,lanina,lanina,lanina
2023,1,-0.78,11.8,lanina,lanina,lanina,lanina
2023,2,-0.62,10.5,lanina,lanina,lanina,lanina
2023,3,-0.13,-2,neutral,neutral,neutral,neutral
2023,4,0.24,0.3,neutral,neutral,neutral,neutral
2023,5,NA,-18.5,elnino,neutral,elnino,elnino
